weight,bits,values,clipped_values,clipped_fraction,codes_changed,delta_to_base_l2_ratio
model.layers.0.self_attn.q_proj.weight,4,3145728,52,1.6530354817708332e-05,True,0.029832402867624473
model.layers.0.self_attn.k_proj.weight,4,393216,4,1.0172526041666666e-05,True,0.010593416993897655
model.layers.0.self_attn.v_proj.weight,4,393216,0,0.0,True,0.031646878095546595
model.layers.0.self_attn.o_proj.weight,4,3145728,107,3.4014383951822914e-05,True,0.0494924285403495
model.layers.0.mlp.gate_proj.weight,4,9437184,180,1.9073486328125e-05,True,0.04040143725627834
model.layers.0.mlp.up_proj.weight,4,9437184,125,1.3245476616753473e-05,True,0.03787752751829572
model.layers.0.mlp.down_proj.weight,4,9437184,677,7.173750135633681e-05,True,0.05930191767901047
model.layers.1.self_attn.q_proj.weight,4,3145728,34,1.0808308919270834e-05,True,0.02897591300648263
model.layers.1.self_attn.k_proj.weight,4,393216,1,2.5431315104166665e-06,True,0.021053239858837256
model.layers.1.self_attn.v_proj.weight,4,393216,0,0.0,False,0.02914736029396622
model.layers.1.self_attn.o_proj.weight,4,3145728,19,6.039937337239583e-06,True,0.0391043979730191
model.layers.1.mlp.gate_proj.weight,4,9437184,651,6.898244222005208e-05,True,0.053678334721909644
model.layers.1.mlp.up_proj.weight,4,9437184,267,2.8292338053385418e-05,True,0.046349736351435064
model.layers.1.mlp.down_proj.weight,4,9437184,571,6.050533718532986e-05,True,0.0620918130231858
model.layers.2.self_attn.q_proj.weight,4,3145728,39,1.239776611328125e-05,True,0.034735875058114776
model.layers.2.self_attn.k_proj.weight,4,393216,0,0.0,True,0.0196666026862372
model.layers.2.self_attn.v_proj.weight,4,393216,0,0.0,True,0.03328787541162381
model.layers.2.self_attn.o_proj.weight,4,3145728,2,6.357828776041666e-07,True,0.03375202968683397
model.layers.2.mlp.gate_proj.weight,4,9437184,604,6.400214301215278e-05,True,0.051627585657406695
model.layers.2.mlp.up_proj.weight,4,9437184,264,2.7974446614583332e-05,True,0.04769891390276391
model.layers.2.mlp.down_proj.weight,4,9437184,979,0.00010373857286241319,True,0.06531225189491413
model.layers.3.self_attn.q_proj.weight,4,3145728,15,4.76837158203125e-06,True,0.0261819089845339
model.layers.3.self_attn.k_proj.weight,4,393216,0,0.0,True,0.012806246174046585
model.layers.3.self_attn.v_proj.weight,4,393216,0,0.0,False,0.02072406755243913
model.layers.3.self_attn.o_proj.weight,4,3145728,8,2.5431315104166665e-06,True,0.035253546981336925
model.layers.3.mlp.gate_proj.weight,4,9437184,1069,0.00011327531602647569,True,0.05970462231744921
model.layers.3.mlp.up_proj.weight,4,9437184,335,3.5497877332899305e-05,True,0.04990962877797389
model.layers.3.mlp.down_proj.weight,4,9437184,1610,0.00017060173882378472,True,0.07008482405245355
model.layers.4.self_attn.q_proj.weight,4,6291456,61,9.695688883463541e-06,True,0.03402541183345811
model.layers.4.self_attn.k_proj.weight,4,786432,2,2.5431315104166665e-06,True,0.022532278407625693
model.layers.4.self_attn.v_proj.weight,4,786432,2,2.5431315104166665e-06,True,0.03491395473693888
model.layers.4.self_attn.o_proj.weight,4,6291456,301,4.784266153971354e-05,True,0.059993671694841204
model.layers.4.mlp.gate_proj.weight,4,9437184,2354,0.0002494388156467014,True,0.06702228966067976
model.layers.4.mlp.up_proj.weight,4,9437184,2229,0.0002361933390299479,True,0.06993976272985855
model.layers.4.mlp.down_proj.weight,4,9437184,1516,0.00016064114040798612,True,0.07096157579295631
model.layers.5.self_attn.q_proj.weight,4,3145728,120,3.814697265625e-05,True,0.042150058070877836
model.layers.5.self_attn.k_proj.weight,4,393216,1,2.5431315104166665e-06,True,0.018463843612751597
model.layers.5.self_attn.v_proj.weight,4,393216,0,0.0,True,0.03829672651320152
model.layers.5.self_attn.o_proj.weight,4,3145728,16,5.086263020833333e-06,True,0.04270032538126489
model.layers.5.mlp.gate_proj.weight,4,9437184,3754,0.00039778815375434025,True,0.07912364723254485
model.layers.5.mlp.up_proj.weight,4,9437184,1863,0.00019741058349609375,True,0.06683499661646997
model.layers.5.mlp.down_proj.weight,4,9437184,2683,0.0002843009101019965,True,0.08048104070369483
model.layers.6.self_attn.q_proj.weight,4,3145728,232,7.375081380208333e-05,True,0.04629543718052717
model.layers.6.self_attn.k_proj.weight,4,393216,9,2.288818359375e-05,True,0.024665417091063065
model.layers.6.self_attn.v_proj.weight,4,393216,0,0.0,True,0.033580772365951014
model.layers.6.self_attn.o_proj.weight,4,3145728,28,8.900960286458334e-06,True,0.04445571586338865
model.layers.6.mlp.gate_proj.weight,4,9437184,2571,0.00027243296305338543,True,0.07226381874660437
model.layers.6.mlp.up_proj.weight,4,9437184,1239,0.0001312891642252604,True,0.06191547118189864
model.layers.6.mlp.down_proj.weight,4,9437184,2817,0.00029850006103515625,True,0.08053495041059613
model.layers.7.self_attn.q_proj.weight,4,3145728,386,0.00012270609537760416,True,0.05621189474088716
model.layers.7.self_attn.k_proj.weight,4,393216,29,7.375081380208333e-05,True,0.04199589356308552
model.layers.7.self_attn.v_proj.weight,4,393216,4,1.0172526041666666e-05,True,0.03724183171565194
model.layers.7.self_attn.o_proj.weight,4,3145728,46,1.4623006184895834e-05,True,0.045676653975373904
model.layers.7.mlp.gate_proj.weight,4,9437184,3089,0.0003273222181532118,True,0.0729310140479235
model.layers.7.mlp.up_proj.weight,4,9437184,1110,0.00011761983235677083,True,0.05999985262520789
model.layers.7.mlp.down_proj.weight,4,9437184,2441,0.0002586576673719618,True,0.0795260035074257
model.layers.8.self_attn.q_proj.weight,4,3145728,416,0.00013224283854166666,True,0.06106998610162213
model.layers.8.self_attn.k_proj.weight,4,393216,16,4.0690104166666664e-05,True,0.044572392555994086
model.layers.8.self_attn.v_proj.weight,4,393216,1,2.5431315104166665e-06,True,0.04054354949008442
model.layers.8.self_attn.o_proj.weight,4,3145728,29,9.218851725260416e-06,True,0.04390399496627968
model.layers.8.mlp.gate_proj.weight,4,9437184,2782,0.00029479132758246525,True,0.06860367202174633
model.layers.8.mlp.up_proj.weight,4,9437184,828,8.7738037109375e-05,True,0.05709907210966578
model.layers.8.mlp.down_proj.weight,4,9437184,2373,0.00025145212809244793,True,0.07787421903976498
model.layers.9.self_attn.q_proj.weight,4,6291456,491,7.804234822591145e-05,True,0.05079604754656551
model.layers.9.self_attn.k_proj.weight,4,786432,57,7.2479248046875e-05,True,0.04082004819009058
model.layers.9.self_attn.v_proj.weight,4,786432,1,1.2715657552083333e-06,True,0.03214694708914135
model.layers.9.self_attn.o_proj.weight,4,6291456,659,0.00010474522908528645,True,0.06789773686713842
model.layers.9.mlp.gate_proj.weight,4,9437184,2718,0.0002880096435546875,True,0.0673045403118208
model.layers.9.mlp.up_proj.weight,4,9437184,878,9.303622775607639e-05,True,0.05741826281505199
model.layers.9.mlp.down_proj.weight,4,9437184,1890,0.0002002716064453125,True,0.07483547762669975
model.layers.10.self_attn.q_proj.weight,4,3145728,381,0.00012111663818359375,True,0.0528921884077692
model.layers.10.self_attn.k_proj.weight,4,393216,57,0.00014495849609375,True,0.03668305746174222
model.layers.10.self_attn.v_proj.weight,4,393216,20,5.0862630208333336e-05,True,0.05241077330542429
model.layers.10.self_attn.o_proj.weight,4,3145728,11,3.4968058268229165e-06,True,0.04199483067200742
model.layers.10.mlp.gate_proj.weight,4,9437184,3000,0.0003178914388020833,True,0.06636170668640035
model.layers.10.mlp.up_proj.weight,4,9437184,1181,0.0001251432630750868,True,0.059480803635231345
model.layers.10.mlp.down_proj.weight,4,9437184,3037,0.0003218120998806424,True,0.08246891513584709
model.layers.11.self_attn.q_proj.weight,4,3145728,473,0.0001503626505533854,True,0.05274798409413519
model.layers.11.self_attn.k_proj.weight,4,393216,106,0.0002695719401041667,True,0.03991701278197492
model.layers.11.self_attn.v_proj.weight,4,393216,3,7.62939453125e-06,True,0.043352504598107626
model.layers.11.self_attn.o_proj.weight,4,3145728,59,1.8755594889322918e-05,True,0.0457866303231468
model.layers.11.mlp.gate_proj.weight,4,9437184,2704,0.0002865261501736111,True,0.06645525053497094
model.layers.11.mlp.up_proj.weight,4,9437184,955,0.00010119544135199653,True,0.05606261554613492
model.layers.11.mlp.down_proj.weight,4,9437184,1805,0.00019126468234592013,True,0.07447241593182016
model.layers.12.self_attn.q_proj.weight,4,3145728,488,0.00015513102213541666,True,0.04662214422813109
model.layers.12.self_attn.k_proj.weight,4,393216,46,0.00011698404947916667,True,0.040452966574849605
model.layers.12.self_attn.v_proj.weight,4,393216,0,0.0,True,0.034724870414813605
model.layers.12.self_attn.o_proj.weight,4,3145728,34,1.0808308919270834e-05,True,0.04077181356153775
model.layers.12.mlp.gate_proj.weight,4,9437184,2385,0.00025272369384765625,True,0.06264559281132324
model.layers.12.mlp.up_proj.weight,4,9437184,516,5.4677327473958336e-05,True,0.051782007515092245
model.layers.12.mlp.down_proj.weight,4,9437184,1424,0.00015089246961805556,True,0.07531996056474884
model.layers.13.self_attn.q_proj.weight,4,3145728,289,9.187062581380208e-05,True,0.04747018559263525
model.layers.13.self_attn.k_proj.weight,4,393216,369,0.00093841552734375,True,0.04291838593208268
model.layers.13.self_attn.v_proj.weight,4,393216,0,0.0,True,0.04457961064218974
model.layers.13.self_attn.o_proj.weight,4,3145728,45,1.430511474609375e-05,True,0.039058297756855286
model.layers.13.mlp.gate_proj.weight,4,9437184,1566,0.0001659393310546875,True,0.05155135238716466
model.layers.13.mlp.up_proj.weight,4,9437184,223,2.3629930284288195e-05,True,0.03847477330429117
model.layers.13.mlp.down_proj.weight,4,9437184,1240,0.00013139512803819444,True,0.07092717194955224
model.layers.14.self_attn.q_proj.weight,4,6291456,1102,0.0001751581827799479,True,0.050669084719234966
model.layers.14.self_attn.k_proj.weight,4,786432,101,0.00012842814127604166,True,0.04880754754276094
model.layers.14.self_attn.v_proj.weight,4,786432,0,0.0,True,0.029947115582215553
model.layers.14.self_attn.o_proj.weight,4,6291456,589,9.361902872721355e-05,True,0.06260540364853594
model.layers.14.mlp.gate_proj.weight,4,9437184,3584,0.00037977430555555556,True,0.06905684202576792
model.layers.14.mlp.up_proj.weight,4,9437184,2042,0.00021637810601128472,True,0.06499603147945114
model.layers.14.mlp.down_proj.weight,4,9437184,1654,0.00017526414659288194,True,0.07470842862025563
model.layers.15.self_attn.q_proj.weight,4,3145728,894,0.0002841949462890625,True,0.06006501279891986
model.layers.15.self_attn.o_proj.weight,4,3145728,125,3.9736429850260414e-05,True,0.04919172900783937
model.layers.15.mlp.gate_proj.weight,2,18874368,10064,0.0005332099066840278,True,0.12784497759684135
model.layers.15.mlp.up_proj.weight,2,18874368,185,9.80165269639757e-06,True,0.08337418105432974
model.layers.15.mlp.down_proj.weight,2,18874368,4269,0.00022617975870768228,True,0.1530078056949282
model.layers.16.self_attn.q_proj.weight,4,3145728,1377,0.00043773651123046875,True,0.06673592301679185
model.layers.16.self_attn.o_proj.weight,4,3145728,275,8.742014567057292e-05,True,0.05917901216753322
model.layers.16.mlp.gate_proj.weight,2,18874368,15080,0.0007989671495225695,True,0.15344449098086352
model.layers.16.mlp.up_proj.weight,2,18874368,1266,6.707509358723958e-05,True,0.11900413599621425
model.layers.16.mlp.down_proj.weight,2,18874368,7714,0.0004087024264865451,True,0.16804040632796075
model.layers.17.self_attn.q_proj.weight,4,3145728,977,0.00031057993570963543,True,0.06679918325026511
model.layers.17.self_attn.o_proj.weight,4,3145728,354,0.0001125335693359375,True,0.061614855087851646
model.layers.17.mlp.gate_proj.weight,2,18874368,17100,0.0009059906005859375,True,0.16410831204818865
model.layers.17.mlp.up_proj.weight,2,18874368,1122,5.9445699055989586e-05,True,0.1204528432073827
model.layers.17.mlp.down_proj.weight,2,18874368,10049,0.0005324151780870226,True,0.16940531147809815
model.layers.18.self_attn.q_proj.weight,4,3145728,1188,0.000377655029296875,True,0.06586002973135538
model.layers.18.self_attn.o_proj.weight,4,3145728,417,0.00013256072998046875,True,0.06179400092889624
model.layers.18.mlp.gate_proj.weight,2,18874368,14852,0.0007868872748480903,True,0.15887071926070304
model.layers.18.mlp.up_proj.weight,2,18874368,2019,0.00010697046915690105,True,0.12510155376024046
model.layers.18.mlp.down_proj.weight,2,18874368,10637,0.0005635685390896267,True,0.1676730193322782
model.layers.19.self_attn.q_proj.weight,4,6291456,693,0.00011014938354492188,True,0.05445778279617455
model.layers.19.self_attn.o_proj.weight,4,6291456,1790,0.00028451283772786457,True,0.07404622774397634
model.layers.19.mlp.gate_proj.weight,2,18874368,17799,0.0009430249532063802,True,0.14816649689909325
model.layers.19.mlp.up_proj.weight,2,18874368,3230,0.00017113155788845487,True,0.11941371008562997
model.layers.19.mlp.down_proj.weight,2,18874368,9180,0.0004863739013671875,True,0.16448150736087536
model.layers.20.self_attn.q_proj.weight,4,3145728,1145,0.00036398569742838543,True,0.05868049896860402
model.layers.20.self_attn.o_proj.weight,4,3145728,153,4.863739013671875e-05,True,0.05656173349338261
model.layers.20.mlp.gate_proj.weight,2,18874368,22162,0.0011741850111219618,True,0.15153571787666006
model.layers.20.mlp.up_proj.weight,2,18874368,5243,0.0002777841356065538,True,0.12150059437556844
model.layers.20.mlp.down_proj.weight,2,18874368,6825,0.0003616015116373698,True,0.1547840748586897
model.layers.21.self_attn.q_proj.weight,4,3145728,1888,0.0006001790364583334,True,0.06636430576297742
model.layers.21.self_attn.o_proj.weight,4,3145728,302,9.600321451822917e-05,True,0.06127527510997424
model.layers.21.mlp.gate_proj.weight,2,18874368,22070,0.0011693106757269965,True,0.15539661832490798
model.layers.21.mlp.up_proj.weight,2,18874368,4218,0.0002234776814778646,True,0.12534460145594584
model.layers.21.mlp.down_proj.weight,2,18874368,9351,0.0004954338073730469,True,0.15944116103715167
model.layers.22.self_attn.q_proj.weight,4,3145728,772,0.0002454121907552083,True,0.060799158905147546
model.layers.22.self_attn.o_proj.weight,4,3145728,185,5.8809916178385414e-05,True,0.055421506708124665
model.layers.22.mlp.gate_proj.weight,2,18874368,22823,0.0012092060512966579,True,0.15249278921587708
model.layers.22.mlp.up_proj.weight,2,18874368,3278,0.00017367468939887153,True,0.1172225599215345
model.layers.22.mlp.down_proj.weight,2,18874368,5510,0.0002919303046332465,True,0.14507438119727945
model.layers.23.self_attn.q_proj.weight,4,3145728,828,0.000263214111328125,True,0.06047544335672971
model.layers.23.self_attn.o_proj.weight,4,3145728,88,2.7974446614583332e-05,True,0.04612109327312462
model.layers.23.mlp.gate_proj.weight,2,18874368,19213,0.0010179413689507379,True,0.14206612957003145
model.layers.23.mlp.up_proj.weight,2,18874368,735,3.894170125325521e-05,True,0.09038385988962397
model.layers.23.mlp.down_proj.weight,2,18874368,3677,0.00019481447007921006,True,0.14580338574988103
model.layers.24.self_attn.q_proj.weight,4,6291456,724,0.00011507670084635417,True,0.05641821423910341
model.layers.24.self_attn.o_proj.weight,4,6291456,1235,0.00019629796346028647,True,0.07142230200788723
model.layers.24.mlp.gate_proj.weight,2,18874368,18463,0.0009782049391004774,True,0.14002094812511545
model.layers.24.mlp.up_proj.weight,2,18874368,1399,7.412168714735244e-05,True,0.09509676086339712
model.layers.24.mlp.down_proj.weight,2,18874368,3490,0.00018490685356987847,True,0.15482413523098976
model.layers.25.self_attn.q_proj.weight,4,3145728,1848,0.00058746337890625,True,0.07152132380878677
model.layers.25.self_attn.o_proj.weight,4,3145728,196,6.230672200520833e-05,True,0.05471688344256057
model.layers.25.mlp.gate_proj.weight,2,18874368,26593,0.0014089478386773004,True,0.1644853465790732
model.layers.25.mlp.up_proj.weight,2,18874368,1520,8.053249782986111e-05,True,0.11523360665706905
model.layers.25.mlp.down_proj.weight,2,18874368,10686,0.0005661646525065104,True,0.1791917754945928
model.layers.26.self_attn.q_proj.weight,4,3145728,1376,0.0004374186197916667,True,0.06486012416389496
model.layers.26.self_attn.o_proj.weight,4,3145728,238,7.565816243489583e-05,True,0.05915612608889441
model.layers.26.mlp.gate_proj.weight,2,18874368,28295,0.0014991230434841579,True,0.1714423407950896
model.layers.26.mlp.up_proj.weight,2,18874368,3970,0.00021033816867404513,True,0.1348438524663171
model.layers.26.mlp.down_proj.weight,2,18874368,11165,0.0005915429857042101,True,0.17975630175571436
model.layers.27.self_attn.q_proj.weight,4,3145728,1236,0.000392913818359375,True,0.06325602836165128
model.layers.27.self_attn.o_proj.weight,4,3145728,298,9.473164876302083e-05,True,0.061505952485666815
model.layers.27.mlp.gate_proj.weight,2,18874368,20737,0.0010986857944064671,True,0.1636868061074024
model.layers.27.mlp.up_proj.weight,2,18874368,4795,0.0002540482415093316,True,0.1404974752880995
model.layers.27.mlp.down_proj.weight,2,18874368,11613,0.0006152788798014323,True,0.17782904259854213
model.layers.28.self_attn.q_proj.weight,4,3145728,1453,0.00046189626057942707,True,0.06352000751031238
model.layers.28.self_attn.o_proj.weight,4,3145728,326,0.00010363260904947917,True,0.06527724870562955
model.layers.28.mlp.gate_proj.weight,2,18874368,21854,0.0011578665839301215,True,0.16975115763375556
model.layers.28.mlp.up_proj.weight,2,18874368,7583,0.0004017617967393663,True,0.14851240068885324
model.layers.28.mlp.down_proj.weight,2,18874368,12305,0.0006519423590766059,True,0.16651974328507316
model.layers.29.self_attn.q_proj.weight,4,6291456,806,0.0001281102498372396,True,0.04634476087449082
model.layers.29.self_attn.o_proj.weight,4,6291456,1570,0.00024954477945963543,True,0.07936370021760576
model.layers.29.mlp.gate_proj.weight,2,18874368,18869,0.0009997155931260851,True,0.17027344164164757
model.layers.29.mlp.up_proj.weight,2,18874368,6215,0.0003292825486924913,True,0.142223733665479
model.layers.29.mlp.down_proj.weight,2,18874368,13876,0.0007351769341362847,True,0.1691264855314422
model.layers.30.self_attn.q_proj.weight,4,3145728,1455,0.00046253204345703125,True,0.06605453404988301
model.layers.30.self_attn.o_proj.weight,4,3145728,303,9.632110595703125e-05,True,0.06204829223353694
model.layers.30.mlp.gate_proj.weight,2,18874368,16790,0.0008895662095811632,True,0.1663250015375021
model.layers.30.mlp.up_proj.weight,2,18874368,8512,0.00045098198784722225,True,0.1536941817350334
model.layers.30.mlp.down_proj.weight,2,18874368,12862,0.0006814532809787326,True,0.16862689990053945
model.layers.31.self_attn.q_proj.weight,4,3145728,901,0.00028642018636067707,True,0.06238515135237272
model.layers.31.self_attn.o_proj.weight,4,3145728,247,7.851918538411458e-05,True,0.059682231321993524
model.layers.31.mlp.gate_proj.weight,2,18874368,11664,0.00061798095703125,True,0.16202025819949745
model.layers.31.mlp.up_proj.weight,2,18874368,6345,0.0003361701965332031,True,0.1457557696482066
model.layers.31.mlp.down_proj.weight,2,18874368,32973,0.0017469724019368489,True,0.19895575344122657
model.layers.32.self_attn.q_proj.weight,4,3145728,1643,0.0005222956339518229,True,0.06182464423199782
model.layers.32.self_attn.o_proj.weight,4,3145728,412,0.00013097127278645834,True,0.06407508689072497
model.layers.32.mlp.gate_proj.weight,2,18874368,7602,0.00040276845296223957,True,0.14671705939555968
model.layers.32.mlp.up_proj.weight,2,18874368,2344,0.00012418958875868056,True,0.13056886105851537
model.layers.32.mlp.down_proj.weight,2,18874368,14457,0.0007659594217936198,True,0.17774322395291864
model.layers.33.self_attn.q_proj.weight,4,3145728,521,0.0001656214396158854,True,0.047673913197335785
model.layers.33.self_attn.o_proj.weight,4,3145728,237,7.534027099609375e-05,True,0.05957112306819687
model.layers.33.mlp.gate_proj.weight,2,18874368,16807,0.0008904669019911024,True,0.1679422405478936
model.layers.33.mlp.up_proj.weight,2,18874368,6967,0.00036912494235568575,True,0.15962209859703475
model.layers.33.mlp.down_proj.weight,2,18874368,15415,0.0008167160881890191,True,0.17019178489421144
model.layers.34.self_attn.q_proj.weight,4,6291456,671,0.00010665257771809895,True,0.05065288296145729
model.layers.34.self_attn.o_proj.weight,4,6291456,1635,0.0002598762512207031,True,0.08234335554288037
model.layers.34.mlp.gate_proj.weight,2,18874368,7669,0.0004063182406955295,True,0.13405875684929802
model.layers.34.mlp.up_proj.weight,2,18874368,2049,0.00010855992635091145,True,0.12063044177940875
model.layers.34.mlp.down_proj.weight,2,18874368,13826,0.000732527838812934,True,0.17610012963460758
