split,line,source_sha256,flagged_semantic_sha256,reasons,screened_sibling_coordinates,screened_sibling_splits,screened_sibling_semantic_targets,same_split_screened_siblings,same_split_semantic_targets
train,1,1e7874dd77694163820e13213864259dc407b329d3a40673aa0886f34e290900,22bc67fbcfb6a59d288869fed622faa498e4d35859a975d36e9dc42a4bd42f44,mojibake|placeholder|missing_action,train:18,train,1,1,1
train,65,04c1d42bf9721969eb6ac8c473c757fb52c73618bc0e703b070ce9fa29279a6d,368ebd171a6b87c399be861c9e8781cc43fbf2b0d7b2be9301b55459711b9cc0,placeholder,train:475,train,1,1,1
train,2600,42ba917506b480eaae470875487cba47b0212008905b308cfd028d71a8d95aa3,fc0e29d6df5f5f46e311aa44dfc8475b06b7d1828c15d36219bb69ae4ff2011a,mojibake,train:38047,train,1,1,1
train,37835,ed363780a7d9a522a923775e0d37eaf071f50023272cd3af8eab11f0db0e333f,b79471cfcddb1275e2db1fcfadd22b7ac95b2716cb082c38ac1578794fadebe2,mojibake,train:2382,train,1,1,1
train,41158,9800b3583c3a3227b3a87c54c0e27ab7dbb11d5eb8bc3d4950418241716f8451,6dfddf85a5f7b0fda89eb75bd68f1f6d187295420b778e811fa00a26ab0c8ea7,placeholder,train:37565,train,1,1,1
train,42011,0741a2a0fd36fe972642937565124005b17c93a4443d088d6a1fbb1d55a98733,4377bce323ddef41fd8ff7be84b74e9f04f1a86ac6be847270cc2be61ef83ac4,placeholder,train:53157,train,1,1,1
train,42544,e3f568d4514d63c528f18776613eee0d9e0df024ccbcc5c93c6d370782180823,8bb6e1c05c301930936459da0457a7c2c586dbe18e1602391ec18af5aa9a59cc,placeholder,train:53630,train,1,1,1
train,43552,7ebd3b2ae2933446def9a8a7e89a7e10874c53df031a21cb1947d06fa20a6ae5,1c89041996d861aec91b0d3c47a926505d8e7606a34f2b4ca0d268744a61111e,placeholder,train:54523,train,1,1,1
train,43574,f0ba9a44f299a4e569babf9866b211923eeb2567cdeb9b9f2ddf9dcaecea6bce,064b5a606f1c30cac9de8ffbfb85ce261bc216883e77d6c52c8c900d0a97e3fc,placeholder,train:54535,train,1,1,1
train,55387,f868795bb88aeb0420ea03e5008266b5de975897119e653d35496be69855f2c4,ff33e9eb3d4999a6ed986e3be627cf761e46bc85fb421587dff4d2e8cfe230f9,placeholder,train:53052,train,1,1,1
train,55396,3bedb0dd478e6b6e00aebd8877c516f6d9afd13aa98c8439e3b98fc533058fe2,6972290bc9c95038f8e58b0368a82c3ec5e16688abdd1dd7d759bff83f4480dc,placeholder,train:53060,train,1,1,1
train,79807,3dcc1a8f0c8ecfb2df422b0f5ffd4a41f476d0ccd8c7362e073a8eb57a8d865a,5a29fe0f22daad5fc16f3ddb1103823bf34d1949fd88c6fa014bb320ddc0a737,mojibake,train:98918,train,1,1,1
train,79855,642a5d168c696fea418a9f7eb2b5525dfd2f42e59a7735fc7210cd6b2e8ee70a,46169885cf6b2fa408b06a76185f8eece7847f2f94a572cf83ece5995bf83126,mojibake,train:98963,train,1,1,1
train,80176,c56de96c415b26b0dd1b31e2381499b3e23d3b6541c189a44e1127d892774673,39fde51a831724609fae49cd0807cef0c465cad31500eefefb73d68e297c2f07,empty_layout,train:99283|train:123910,train,2,2,2
train,98923,9fc07bf102edc8f9da38ae26bf83ff790a79d135563f614ae62548d7887c81c8,ae25610db1bb84e7ef4b556efdd7a278ab4a991b9228b3f1b0ec558b133a37b7,mojibake,train:123596,train,1,1,1
train,99101,1fcd23febdc6e300b663ac3985ccd2f47ab7d947860c1909d773503b5da59758,75bf504878d5a0579fcfc504e75332db282cbf48b02a24d01cb58c85d3aefd32,mojibake,train:123724,train,1,1,1
train,99121,515d3b2be89cc279bfdfaa4898253ee2e9ea41901396f9841904d540dee92cbe,4df7a22fb19108060bdfc84f854f6f3674acbe236ec71af1eeb8dd07ddf0dc07,mojibake,train:123745,train,1,1,1
train,99122,9cf00736f66c9ab9e3e094939879e6b8b6098cad13a4791c506713651e471064,b6439f3f7a278bf364c9272afaea50f547f1a20fdb9af52a999e1923aeb6468b,mojibake,train:123746,train,1,1,1
train,99131,9276a2869adc7493f03b17471f77182cb10b9d5604597888e641e8a967271998,663bf010beca68875024c054f2da4c30091b196e7a965b793b9896d692cb43db,empty_layout,train:123756,train,1,1,1
train,99135,4007b2e5dbc8252e02ea86c390dc535d08c0ed591600de5bc9c739f46a4c2221,fc5e401189aa2e123e6672083350457169c17e91028a86433e728b758b5fbedb,mojibake,train:123761,train,1,1,1
train,99155,f6878b2e2ef295aa3197194ac7cb19ee4eb0ceab5062192cc738f35156365475,e8d338868b46d3dac74052b9f96396b3b6196b28005667910133a7a31659d312,mojibake,train:123781,train,1,1,1
train,99199,877a490bf5eb98ebab9b18973d8bcd1137a1552fda55446b0a39c7891651de0f,b382f8f7e3cb14ddd379bea48c0c5329098e0f45af80d97ea21a5fd7b607ba7c,mojibake,train:80089|train:123826,train,2,2,2
train,99211,18f93d8e7289b33ad7b41de2967a1e5d21ecdf20b8ac9c54d61acf776f4518db,47e0d5057ec2d05a382fb808042a7ebdc00f30a3015cedbc06219a928c2dea63,mojibake,train:123836,train,1,1,1
train,99239,dec2db9ac46686dcbc2fe94c49172a7171f6f4531fc8b700398c3cd317d26b8c,3ba47ddd0cda4d22725481f2a224cd871207b563a274866f86c982602d834590,missing_numeric,train:123863,train,1,1,1
train,99292,cf7c3d993b49a6bed43b6dc5f5815e60e2a405b19320a8053bd4d557b0de14c6,4233231601a7e6e35cc53be938f560f73c235ae6233c47ede4a64a035c465d71,mojibake,train:123920,train,1,1,1
train,99296,6e1ddffa55e283ac2792eddae03f327fe1c8b7b89064bf16c70cdcb13acd09b2,825f90deb38cc5141447d109f7b8423627728ebf201ba1fd334e5cd9e1ebcb43,empty_layout,train:80189,train,1,1,1
train,99310,dcc83073c99dd7dbc6ea5c2df0e2471f6c27eed20b937d1d468ea8a00b633950,d095768b2b71e9e3b8975044b9206854bf238d10f50182734ce976e18684adf0,mojibake,train:123941,train,1,1,1
train,99325,19c512a527186e97850894c69bfbaf56ed35dad89de3e29f391f74978038e076,e2eb1159e2eac1450761954bb0486747c4184a42adcae745a5b14939b1f65e07,empty_layout,train:123957,train,1,1,1
train,99437,53c2bacd4bad6803cf34e8161c4adced0eef6b945120ddea9ed6c85d58e35cc0,00754588a6f7473b0cdadde40e8f029102dbdb2cc5da7201bc2c9c5a0e5b550b,mojibake,train:124067,train,1,1,1
train,99486,0c8d9b3d034a041c5b51d2d2ac1821995c1d59a305d321460ede731dedf7bb19,77db49d97e43f0ba0db9921c796d4d85fe1b8547dc66fb1156c6a887a3df4cb4,missing_action,train:124114,train,1,1,1
train,99487,aa17c233c665670395b59c5c6383cefd2533ac2cfe2bd652106a68180547b5fc,d60c06a50ac1ae48c5256573b3180118e2bedebffcda30c43602d2ebf6d7bd4f,low_lexical,train:124115,train,1,1,1
train,99506,4cfc9006cde866b74d9d08ab85079e96c1b92bf1bf314fd4d859ab7cba1ae442,485e79728e9c76db2c244e253819d6b0e4a62198538250b85e4e9bd7e15fcc2d,mojibake,train:124136,train,1,1,1
train,99534,3b1485ed678af5e433bb9335a47e0cfb1a9c212cd6855a6112e225f7333ab194,fd0f2a2f76448fb8c52e14ee7052ee1a94879e2ff63fb0ce441731d56195188e,mojibake,train:124165,train,1,1,1
train,99612,b250500b6dc59221c65e1e5fda30dff9824fcca299db13c769e7d317ee116afd,42726152943d21dbe711122a2e3d89eaadc8bc1659091475c0a05f77a78e5468,mojibake,train:124246,train,1,1,1
train,99622,d1e51b0a972e8979316614298448aae1a090c3a17bb112c0df983553dae84bb6,22852dada963fb6e343db733f816bec3c23dd0ffa784b94cf937eedfa0fc0ca1,empty_layout,train:124256,train,1,1,1
train,99626,5988e19d48d3f3e067327e7f582ce677192284952e967b09622c907c9108ed1d,8d55c25c5b1c8b23d9c34f73538ed598aed514fca0140d1b152e1c704b4f1b87,mojibake,train:124261,train,1,1,1
train,99630,8b0b47a426588278408db82777d39b00d6cd1414e128a6123446d39e1d6dc01c,ef1f2618f55e2b06c15a6b251dd245e661f83b5ae78c0bc93103eac54b04055b,mojibake,train:124265,train,1,1,1
train,105958,648f4f12a3cedb973b4ba7464d23f46382302e2077142f574acfdd3b095778b3,4b37f3d5888a7a668161946289e9b200fa5d34c5b083a5c5fa9a496e9eb15534,mojibake,train:126825,train,1,1,1
train,106077,444113bccd140a8f27236d65068181872826704da95dcc46fe0c45520caaefe5,ec167d25bf42046183dbec2a35df3a876585f36153259b9c047db984c040c64b,mojibake,train:126933,train,1,1,1
train,106275,c3d1ac5a656e680bef6440098aae8923bb20111d8e2c500daedfa11a5f10b5ad,264cdf861e8cbbefdc47d2b47c1c11fcba130d6c8f651936dc7fbf3075dd1533,mojibake,train:127040,train,1,1,1
train,106333,2baf18173043d65e1f5890668a9a04f893444733cd9c624297a7cbd8da6365dc,f11a2e65595f7b9c23e248cb28a7b13c3a9878c15e79547a93cb3c270c00d50d,mojibake,train:127076,train,1,1,1
train,106439,317c0d4ebca9d5a357f0af8eb5848c4ea2de89727ffedcc7e1682d0f20fe86fd,21430d83fac5d50a4deb847c58b7231dcfb7cc6f766a251aae1acfada56fed5d,mojibake,train:127158,train,1,1,1
train,106486,a7f2f8d9ffc7b470f97add17f631e4ce446f0802d00f9c0fccba959a9b9aad6e,1784734636b5241fa379a79036566acb75a8f8b601b190fc625ed722d81fff50,mojibake,train:127194,train,1,1,1
train,106638,e0014abb472615695066619b9febb9c71da16828b6e871bf5d6a50248eb86aa5,f376af1877bd9efa90114014d8cb8c4f2498961982f22bfe78025ab2eefe0add,mojibake,train:127309,train,1,1,1
train,106686,58a44d85bf55c2640741c1c31ac548a0fe735b6792e6d7472e71a83886db3142,b206d42d24d38ddf4599859dbaaee0ffa499f45023e91765501777f650aa5060,mojibake,train:127341,train,1,1,1
train,106773,8b6bc680b71de9a917f37de0cd79f04f8e556399781cda46feb1fa55cbccc902,dcaf92b7fdf053736736716c93fd274fbe02ff5ab9a894793fe51aeb9bb05de6,mojibake,train:127384,train,1,1,1
train,106785,10838b8f19dd7066a773767c57624c448da79c3f165bef6a83c9562ba3080c4e,105bf2cca1a0d662703b4977a81765a06ee9ad25e1917ed2ee9622e4ba96e6f5,mojibake,train:127391,train,1,1,1
train,106881,20e2f927261eb65536b41caa341b818885b5beb3ce6e1ab8b02ab4377fb0cb5c,7c35191ddce21f3d6a756280811c93a1d67dad4ffadee6f85a9320ee650affb3,mojibake,train:127456,train,1,1,1
train,107108,3151b5f52cba7f069ec94b90eefa236ed803c541a4a1573050362f0692ccb59f,49ccdc7119b170d201c895c0d383ba5ef23fce796ec5c4bf369a0847ae87e423,missing_numeric,train:127643,train,1,1,1
train,107110,132b609b25d726a90d73378d14a2c541f68f0355ff715545c4cab9fe34b3c386,64956cf2ae545c81ae8568b6dd071fd4c2d07a0b239f61dc118a34967c34f5da,mojibake,train:127645,train,1,1,1
train,107160,101bb8163f1f6a525aaad13c16c114c85413c856d43ef95d327ef29d8c15de27,b80c4aee5d3401ace2b27e9e8437086e0532f1849ced5ad5325c33f8ee7dd0a9,mojibake,train:127677,train,1,1,1
train,107187,77afe30016b5e19c7a19f5e432fc68487f7fedb40dd29b5477f975d0f9f7f4ac,05fcd273c972b59196f3b5581d21b3aa94433d1fc02e8cdf680d8bd75aa09d6a,mojibake,train:127694,train,1,1,1
train,107197,ef9e9570fa070ac32cc93ee9ff18755594f1b69a47396ea261a9ad5e17a2f25f,8aa68ea07fc437c24cf22fbcc787b7c111c6e85dd92e7116fdd8352091b7646e,mojibake,train:127700,train,1,1,1
train,107209,edec8899efe50f2bae8d50b4254e72f176b31bdbdd435c075d987ff2f12f4b9c,a1a62a4cc3499c1cdbd8a1b959b6e5c6fde2bbfd3fd6a31cb242b5d01cb3813e,mojibake,train:127709,train,1,1,1
train,107911,9944dc2c14de63dc3a3511e5d53ab78ef86171be9d27103beb125eb73dfff2a6,1d9836f1c117b61cfd1c15abd8300786390e936578c213ac6a6da9d6ae381d8e,mojibake,train:128208,train,1,1,1
train,107971,cbab91ede8cf1613d207b62285cd3c6b3737b45c9b3f5ecf488d0eb2972159cd,3cc6d3fd7d1dfa9b157cad67a8113646a47a16f48e693e7827fb83c412c5e4ea,mojibake,train:128255,train,1,1,1
train,107993,3569f779ab62b1751dfbfc953cedef99cf07f1caf32a97e8f7c9e8e99c56a346,6934c611c99c3e00904f47df5287bfe4c3186a9fc233d974618b35857bc673c2,mojibake,train:128284,train,1,1,1
train,108149,f78cd4fee5703127a3f222ec566a112cd0d14487ea5258a6042fa134c1401e7e,0c23c0491df24ac52d0b753c4cf316070183ccb2bd50d7c761b280ac7e53b660,mojibake,train:128425,train,1,1,1
train,108271,94d74e1c58f25e0bebd17783a494ce3fab48e70c743bb8381f3f16ced483776e,73efc14e27600b8b76988fe1d0f56960d98e7267efbb8903184e1c4e0b29f7ce,empty_layout|missing_action|low_lexical|missing_numeric,train:128529,train,1,1,1
train,108288,74af4d3ba2a28fcb40e55e09d8d98b1b20aea993cd3a2e4602e233146bae49e3,b626a73d1c20c1ee338cac419253fd2521c4b528c2aa3dc0276ac08b745fa94f,sequence_over_4096_or_unknown,train:128542,train,1,1,1
train,108539,800bc8a04d5589194f0b30259ebf4a437c56e1f7156d1baed9042ebcaa9f0daa,3c0f319e406b1727705b528e039d3d4dd7dec5f4cc0a9ded9449fda26fde8de2,mojibake,train:128703,train,1,1,1
train,108569,8f24557bd3f79122d0ba913612f3f905b0d5a43fc8dfb9198f37667a277c6965,6614d344ac956d3133b13439715200c36c206ab0de783425a121818f8687fdb4,mojibake,train:128726,train,1,1,1
train,108582,b613575c59253d9e962bf04ed9ad6e924f10936a0d6958f609f0b982c80dacc5,80d1cc82b28c4aa4db033ccbf095949bd0b9c6ee1ec0094c9b91a3a0c0a6b157,mojibake,train:128736,train,1,1,1
train,108651,de93d2dc2d890c8578367c74e297bfd73835849e5cf80355900a07c7805d1fdf,428450d31b07474cf70fe9ea10caa6cb85088f29e9cb0ef6a61460000953fefa,mojibake,train:128803,train,1,1,1
train,108694,591a9d435dcf3def3d02ee8c74b8f249d7c72bf8cc9850205359de579275b77c,ea108ae291e500f8d8649ecf34db90c9ad6ea32a8be38ab4b2be762843902d3a,missing_numeric,train:128838,train,1,1,1
train,108889,42ddd3689bfb9b1b2b3566dd78c98913f7f023e50dd303319aed250aa1de0822,4a830c29b3321eeabe7da4f7021703fab5ef6101836b045b2bbcec6e3b97d5cf,mojibake,train:128966,train,1,1,1
train,108924,df19aaa34388c0b9407ffda0955876798d2f6373bd9f185a8c182c119e2d54df,1d97509a519f0237ca22eedceb349a6905ccb847b2a5bd6e618edcf4225daf22,mojibake,train:128993,train,1,1,1
train,108932,fce4fc56fe53804c4dd07c9acf48325548a7d090c67fd99fee9772581cb2f4e4,6d4c244cb3ce9200c977aebcce9d8893cb7ecc73dacfc7ce023ef4b55171f85f,missing_action,train:128999,train,1,1,1
train,109039,923d4eba2ca3b705697dc97ac3f45d2f9346130749d6181aea98af03ee5e6b0f,8e2879314807c2f4efd5e181eaf4739993b9a83bdd16b90610bae8328a43355c,mojibake,train:129100,train,1,1,1
train,109054,c64dc82afea24249e7282bee73aa54e647114e7c2748be91f5b63a7e5a70b0ce,47c5c7ea74c2da32fd3a4fcd37eb71f01e95e7e3f6a2416a3ed044ded90a535e,mojibake,train:129109,train,1,1,1
train,109056,982eb1886e944d31ab51146ef3cc64e853247ea5e1877e10991ad68cc05ebd97,8834e1b0a4c4c671fd848769c7dbe90f692589195bb4cbc0edca663e70ada897,mojibake,train:129111,train,1,1,1
train,109114,2c1412868d03a7eb9b3b076b84f48a19f08077a17fd21e4a4a77ae68188eaef3,3fb4cad367dac50d00b191a96d72204c730b7e12f39fe3f093f97ec0b27fb329,mojibake,train:129158,train,1,1,1
train,109218,917e03c19921d5d9d50bf913a5a8f508dad25ae0ef816a25d21f79ba26499a24,bce295b52d830800e0b5f1908ec7e79886fd67cf08ef1f3ba19a4fca2a0e2964,empty_layout,train:129258,train,1,1,1
train,109220,25914d92a8d14604d472ca68e78e492a1d24629e3e5140f9b45e986898439b78,39e2aa4a5c1597ef345ea8f93a92cac51132b66aa264fc46c0082aea99773c2c,mojibake,train:129262,train,1,1,1
train,109221,3b4df6b869e2012d77feeb59d0bf8d8818c1b551143238e7490a40f82174b31c,eb61b879a89bc451cb6d0f012341e4442b94b75e869b1f0cbbe5c4520d04cdd0,mojibake,train:129263,train,1,1,1
train,109303,b8512c1d246a805606f1802b309e42880a62c3486c42a831aed7dc64168bb9c5,929522b4d842fc6f3d35601c61e2e1bc8c299b72264a389aae9633ef6c4e8ce1,mojibake,train:129333,train,1,1,1
train,109367,0f614cc9b786d9cb60b21d9d951d0eac6015dacfff66e7a193730bc44476e65c,1fec1a6249c0cfab258b66d5a70da441ecffbf159733918857a51edd2a62d4ca,mojibake,train:129363,train,1,1,1
train,109589,45315e523e991c9d0674901938e3b488c8e10f1ae110442de348cdb735b2650b,701bddce51cbdb6243ff2c355a5ff070f1ab49072b39aa1f1f732d27f81149f3,mojibake,train:129540,train,1,1,1
train,109678,14ac668dbe3c73aff5f8f1fa7ff9e0233b15cb146ff962f30449294789a183cd,7495708254882b78aa7f52703ccabf534c9f0f2c9fa50195294910c279d2372d,mojibake,train:129615,train,1,1,1
train,109741,c8ff9894ef077871ef5d5f7031dc47d0bc52358db7e0a54d263b60a4cb05bf00,e7ee8a4489b065ad3c2b494816577b976a2a6d525dd3ead201dc9788f4625e45,missing_numeric,train:129659,train,1,1,1
train,109743,61b8592b99dc67e2b763afdb327c64510b92849b18a1524c94f73d9a5959b268,e851af8561e2b6e29f1c4e569a749617c617495173a5c6b607eca933b0432111,mojibake,train:129661,train,1,1,1
train,109805,a09d215ee7e4a5483ddd0a1b377c843f0ad8164c57a7570adda95cf218c7c543,0c4c55cd3559cdbd24526010ff2a4bc05c6581f2b37041f6ed53fd9ae8b09f6d,missing_numeric,train:129710,train,1,1,1
train,109809,1fad811fe7439acb6e944e002a84b6817a43c3dc28e81baee0c92fee171fc81f,e3b595d27c1064838e783a41b47c3d5734bbf3811cb98684d15b7568a20639aa,empty_layout|missing_numeric,train:129713,train,1,1,1
train,109884,c77a02577281c6fc7ca5ec747bdffe34004324be4e118a5cb0a589768888918c,8147bf02be8494d8e1dd38139aa84c46974b304f8f82e858b821ff9522a3368b,mojibake,train:129742,train,1,1,1
train,109934,96a744bca8215438642c3f7baad3f4e301adcd8787bd377da0eaecac03d0ab34,f42823a106703c071ff3cb4d2a41ff443a0d3f88fa9376c95d07dedeb4ba3a7a,missing_numeric,train:129780,train,1,1,1
train,109948,b518c2261a389ff14ca75301491308905f3151a5290f9da4cd4420bc598b7a43,0af866f73c5400879cdfd47c38ed81cb0052cb4f4cd41deb9ff65e3db2cc75c7,mojibake,train:129794,train,1,1,1
train,109986,dbdadbab76d53516e14829de814ffba9ea4e2c9d6f09b518f43ac94486c4c81b,cefb5ff90152b6fcbea59379869cccf38053cedcb86bde07edf5edc4d2f1b093,empty_layout,train:129827,train,1,1,1
train,110106,82e0c25a082e9829974fab9c31f801b1e76cdd6366c6edaa44bde0c0e1bbf24c,c2fd3f5947a67f07fb82234dcefa5f726a1104c1474ef17692f4c5096cd00607,mojibake,train:129920,train,1,1,1
train,110145,d3f443fa46efa79311d5641d7573ea1c99d813b0ca072b8fb557aa5387cb2936,2439bdb26bb27ded4429e2218f23cc2d61d64b86f5239e9d4e79b553c01e5241,mojibake,train:129954,train,1,1,1
train,110157,0414417de8dce382e2b54e62d4d972c45a4ed920b1ba35b3aba2a7c5c59fcc0a,bce599beb50d959c9cf7fc496dbe08b265cce779a20f1e15b5c3651dba6bcfad,mojibake,train:129964,train,1,1,1
train,110200,74c97b44fa35e1d5e4ad2dac0a869aeb7132874cdc715d6934009f24b54486ed,cc07aefb88b3c23e7c15c6b83db0a396fd8486762078e74294e8d51e608b24f2,mojibake,train:130007,train,1,1,1
train,110252,e3cd051df97724a1890153d3604bc0881204c15b5bea7b0b2eb75ab11989ec87,a018da28b1a3c78e310bea7f5ec3cd7f0991fe9bcc580d632908210745dc6e2a,mojibake,train:130044,train,1,1,1
train,110303,625496e8c928977e3649444087e789dd8cc4a05ad94500c986716c2e0438d2b2,8fb11413b394b7657c9b032f2fe5acccf08fa6921bb6e2e92d30209d41306f75,mojibake,train:130080,train,1,1,1
train,110408,69fe5c742cec926f64c90ac273d490824e0a65e58736b0421ae68fb58f3eeabc,4f73a914bcd0787c40ebaa6016f8ee535d93688a5c17c1e6cdc70f49c4f87aa2,mojibake,train:130137,train,1,1,1
train,110415,45dfe528cb9e0c9d8ff4cd667a85ac78e960604d476b5c20543db6496aa43f84,a605a96edf5b83c78e7f2f58392883a1e7ddec802338e3def5b28837b3ea4732,mojibake,train:130141,train,1,1,1
train,110416,60751010eb6cbe606db8840833583ed119e4ec305627d947c76e8b949472d435,1e9dc36e28ad49222017e6e2fdaf6c4251b6ce720949d52c4f5b127dfe6c1960,mojibake,train:130142,train,1,1,1
train,110451,035764a172ae7eda60c352a82fa7f7e49a73cabb58e735a136204829a0571b6a,67d5429d12e1d048530a4cf3882d52a27da9cbdd5df79b2368026737e612ffd9,mojibake,train:130169,train,1,1,1
train,110516,f8622fc5a8137900f4d99c7a7bd3957a83f5f970c9566f22b9c66c95525ce304,1212b0fac62658b5c0e86e7f4fc93e421ec4bee239f48b4a7bc625bd17c06df8,empty_layout|missing_numeric,train:130214,train,1,1,1
train,110523,d2c99bd79918c519866a55dae60f11d262b151826234ffdd50e5730a5aa4c467,68759d5721444f87441fc265148db90a37f63084855cb56efadb5a1b6f64e00c,mojibake,train:130216,train,1,1,1
train,110535,f495849a1bd53c7e75883df0a68a9764090e151a0e88b0ea4b63fae14ae2508c,f13196ab5f62c94015f7cd155745768cac15b179208037e84259d412728d1f6c,mojibake,train:130225,train,1,1,1
train,110539,d9e91bd1a2edf22ffa2228d7eb83963cb2d8ae20300927f2d013a6fc0d3fb8a5,227fbb0b64fc9ba407c87ed666bfefca6d80973d90107ae38a08372fc97d3a93,missing_numeric,train:130228,train,1,1,1
train,110583,2cdaf1b68f929ae0e75d5b4cf82780c33130a12c2b99f28e67c406ff5dcef178,8bc3dd664e076473b5dceacd34f395594722bcc58a895f7b8a72368798d7591a,mojibake,train:130272,train,1,1,1
train,110610,ed604c0f0d7f61428358528f55fbf99540e55998b8946c2daf16c834968fb665,8274ed66a4e1a3ad37e35627da97deedbca5853fe4eee2410e1e3feb275b9dc1,mojibake,train:130292,train,1,1,1
train,110633,c5bf5cd296c4f9d999478cda7b82a4231fc1aad7d25926b327ffc357c7119d34,0f8b91942a2f2a518b27203cc5791a80d8132800285729300caae0fc6fcfd324,missing_action|low_lexical,train:130312,train,1,1,1
train,110763,9b179d8dad4034104d930e6e0cada890453fd9902b8b6cafd868f8e1e56234bb,fc1f0ec8b5b22328471b542b51b9c44789053b54c4a837f3712016847a3d1328,mojibake,train:130431,train,1,1,1
train,110765,c441baa77d8cb8e39ee5d1bb6328030c78c3788778ae96212eb5cbae3fb8af4e,8af4a0191d03cdd3b98390a5a3045c09d5f5ea31cd0de94014d6bb4a31296f7d,empty_layout,train:130433,train,1,1,1
train,110945,c288763d0ca353a1d1f011edcdbb6894c2cd3f052fffb7ce37952215af5ca8ce,f8fdd0053fb9b68db0415c8f0e39f8b29a72ca50c96ea88de2a2b914b9b9be7a,missing_numeric,train:130553,train,1,1,1
train,110953,c2888b29432a6d5661cbf219105d68847a92fd6527941e612035b9c11f792004,47321eb7c1b094632ad3a8d4f23bf193ba2a4cd9081e653836708a1998ba0079,mojibake,train:130561,train,1,1,1
train,111008,544be3033f83b39d4b80b5dc2de12bab04206b14615ac967f0a7e7b2c7fffde7,61227786d58f4312b62147b1979eb88706c90c31c95e51fc7cdbbd2bb4843a0c,mojibake,train:130610,train,1,1,1
train,111028,696d4c6ed734eda83562bdd437253ae1d0f9a2927e106176e61c3b669dcbd8d2,589ee4b0395513f1045bac48bb184d4d0aefb9687cead75a3929d97bbd809c32,mojibake,train:130625,train,1,1,1
train,111065,7bf4250dba9b63c38d32f41182d56e82a85fa2f8bd8d6be45498ff1fffd78c17,610860365a2c1925f8a561b56506a667696cef8745cf4c70d958a7f584aa09da,missing_action,train:130658,train,1,1,1
train,111177,fb87173aaa6fdbc88c5c0935dd0ba051dab4a13f976a431aea8a646ca3f13896,5673aeff7733de6bdd913d8fdbd264c448e5dc03f29be3736d2e4009a0e9689f,mojibake,train:130774,train,1,1,1
train,111186,52526e8051b80ddf126a821e04424e4a4e86743ec0103b2565205093c44f28f5,fbf25a188d63b3524715c4f0806068dda34239791983b34347238856508fd46e,mojibake,train:130783,train,1,1,1
train,111309,2f51407c4d982b4eee02ca1f30a1db9f5905bce35749676a8a493192ca41dbe5,c682679d5bbe079bb108b74f5dfa23af3f7f2e6891307707d57a7a483f20204a,missing_action,train:130891,train,1,1,1
train,111383,a477fb4861dd92768d9d93dea29c744c23691be7475258caabe74826e141abf6,22f2f49387d413ba5e43a3b69d8c9f135c74961b989ed992b12b222747ee60b3,mojibake,train:130940,train,1,1,1
train,111391,960f138e1dac54a66a62be8a68fdeffe3ab37dec42a315fc16cb8ea141ad0b76,6e598abab5a858f2af53e77d7dd1a30aa0d3c3003a6e0de56d78c01283a2c985,mojibake,train:130947,train,1,1,1
train,111475,045e5d1f9b527ff021f1438b6cd9c24bea93f9a9d9af6d61fc8e288a97740a69,667c94aeba1b1abccd21b815d39dde1c2563fa28261af3b63e65c104209d8af9,mojibake,train:130986,train,1,1,1
train,111526,59d48f7886b46357f91afbe9a2e956da6b33280fc45e32e6f206770c63d9f050,492e13a28734c2d68cdcdab9ac49c90007264d7282e0f7bb3b6ea47380e365aa,empty_layout|layout_only|missing_action|low_lexical,train:131024,train,1,1,1
train,111551,8e82d15c679a5f108862b36de29502a5c735be77abf5ac7170933a5349d5071e,e42a5b92ff39e4e8106d6b2edeee63e9a0710e6003719418cb00c36b566f6ea2,mojibake,train:131044,train,1,1,1
train,111590,fb5293adc1eb08bd0e2644848991f5d6100bb4290408ed6c97f115c4f53d2147,10cbc590ce1851078f8e2e20d305466f53bc21a74a0699c0dee41252529f3393,mojibake,train:131073,train,1,1,1
train,111601,c2d785b2d1eb013211a349d59c0396bed0118edf1a74e0521b786196059b9f04,7ab8c45f0b6e42adeb5ba1b5370e7a1683b2b623df159caecbe9e09d855fe432,mojibake,train:131081,train,1,1,1
train,111619,1accc78e61a86c20c88b7dd12afcb784e42be72436be3ac849556249e9686210,bcb1e95e770ac0a54c71fc66582a84ba4caf106339ddea03f44a7d846ef8360b,mojibake,train:131112,train,1,1,1
train,111690,6d0a7ea6c6b5b616d1e202365380b91c131ed010e4c663b59c0b5a9e7b73d65d,557b72d75320f2f1858ec61c231843244dda47db0bdfb621434bfda236707988,mojibake,train:131167,train,1,1,1
train,111850,19f6ff984ef0df98fa0dd7d15c7d83300812d0031616f40679caf29edd8bd363,917063b5ac66dbee90295e59cf2ead143285d000448852a743f5c46c96992580,mojibake,train:131318,train,1,1,1
train,111921,e1f3249251a854a50af796e998e7af68e42233d9f0c81c79ccfbece091704617,1375c239c25ed3e99454852487a90abedd8359744421d0e2f98166544d7baa4f,empty_layout,train:131381,train,1,1,1
train,111975,8e5aa73f6915dea0bfb720645e07df5257821f5b9f1788563a280f57c4bb95ce,3a9084888cac14c9d9c99beab61124a64432831439b2879c222442c93396b8ad,mojibake,train:131394,train,1,1,1
train,112083,5b8267218c397c5663176879ded1c865e649b32e724d1a2a5127174153402d5b,0b68928fbadac9ed7ca12597d4e2fb1030a19d1254ea3c6c7fe2b001d170fc2a,empty_layout,train:131471,train,1,1,1
train,112202,e3ec6f14393545703e12fb6faad78b3a99e268dd49caae09c629d1eaebf169b6,7513245eb4cec80dc40e51ee2e831757d2d8b84c77a7a8409d1cf48054205ea5,mojibake,train:131574,train,1,1,1
train,112233,f7a8747ab4ff3415c1474941d0ed2d668b00a79e18eef6e7edacbafdc132a9e2,4cf8aea8e8b3c7ce4c75a9610ac5375504abef114da8affe0d195d09ea48e4a3,missing_action,train:131597,train,1,1,1
train,112353,9a9c76cade0b567100b3ad964dd2b66d0e8d5fcbffe4b956298d277d239c580f,49253176ff85984a124d31477c95f5663a0580ea4404aab88aa48e26c7e5b24a,mojibake,train:131709,train,1,1,1
train,112497,f56414d1c7847de50e88261505574566c2bfe8247d7c17af639eb3177888f8c0,c50203eca014c82c9c3bc2c67dd5e8c648235e0673805c4f4b70c0cb65302415,missing_numeric,train:131801,train,1,1,1
train,112516,89193ab148fd7b979e9e15f87657fdf0ccab7aa5247f82a3da889be15a74c3bf,c19f59e9c581e5784d430be1686f6417168790aab5693971536ac056a6659cc9,mojibake,train:131819,train,1,1,1
train,112544,bf76f13df51c0a37334dc8492b4cf1a2a23cd1cab04ae4bb3790569a0fa41285,3994b7b7e29c3cee5b0b27a0241e0599a323da8db3b3e8e1e3424f5685b7bc78,mojibake,train:131843,train,1,1,1
train,112563,9f5093ffbbe5a4b8d41943ccb955ec2b12df6c03bb8a53d2c7b13c2202e2c214,a2b2ddec57e16d44a61f959c4c77390704d625843b52f80a3e0e906b674bd5cb,missing_action,train:131857,train,1,1,1
train,112596,3b2ba19f5d7f59eb72ade54563905f2f7585a09f33339c835b148ee3a1ebf12f,5700c7960584f61f3aa5e667de7bb619551df5b3bb67055d8ea2f5f47b83b68b,mojibake,train:131884,train,1,1,1
train,112631,08b15ecb5a347fd243b2ca27f2d3bc504d75481d3a2d591e078a38bc92f35515,07c13c5f64b44bc2b58209187405bcb180b042332e04053fd277380c8bb0dbe0,mojibake,train:131910,train,1,1,1
train,112821,a502468b37f899e234b7cffbff837a5cbb028d1074068d388d93c136cb4c33ef,1b48407f3c1fb0fc302e10863e7d9967b1a98b025a3108ff88ac28f435502d37,missing_numeric,train:132097,train,1,1,1
train,112840,c6790dc52c77f157080309c65781b2fc0f6f5e1ef08b9514c45b6e6cb7bfcba3,2acc5e8a66964239452844b80878376500b3753d68266c1c0c796f88314bcf6e,mojibake,train:132113,train,1,1,1
train,112874,7d2a5ef16b557f75e202f2b557901fa15f626f0d0e7f44946b93c3ebca92b6f0,a885da0c7463e9b4aa2d5b5212f476ebdcf9516c92dd660f6a0d39ad748121b4,mojibake,train:132142,train,1,1,1
train,112895,0646ddd1b32bc3eb1fa4b4d20a223ea816d9f2bea819c74a7dd3ef6b40598bc5,4bb9f6ce2908d39aa5b80da514094b65ed6346838d6ecf584a898fd334054a95,mojibake,train:132162,train,1,1,1
train,112976,18d25e002a3900728572f156b005794d3e8e59ba7b59e4809462f9399dd4b667,4c7b043a0836433a06d82485f68f00a4d8de5d8e196d9f505a33dc12e594879f,mojibake,train:132208,train,1,1,1
train,113160,6626080e63405ca0e8653f2bbe110f098754156d1bb4563c123f16ed31870c57,03645257dd5f9c14d0e8c22100670c6c595a30383e2218fe311ae21b004a1fc7,mojibake,train:132392,train,1,1,1
train,113283,6ed7114333214a5bb262d833b7667c489bdd4b2f40fa2f914fa27128a66b4003,d52e4e2a1fc53effa8bc8d19067a2235785fcd3972c688fe7d939d8a66445095,mojibake,train:132501,train,1,1,1
train,113404,b0a5602002c140f512cfce15aaa91ad6e4bb9244831a2b7652a3320b9b27615a,a529d88ba27cfae3bb54f0c4290a26ee44291dd14d2a2c3bd021f96602a53a3c,mojibake,train:132587,train,1,1,1
train,113410,2a5f0e125de3c3cf31e1bcf03ec701ed9e5880864b8118a26c2bc9b7817731b7,046a0dd03a98015d088dd6c1cbace1ae02ab85d710bca4aef858f97fd2c64ee2,mojibake,train:132592,train,1,1,1
train,113521,fac2f0b5946b6028418ebbed3e0f7474678665ead27d03cf1815fdf652376aa8,26822db747ca62d48bbb70145744b2f9b367662afa1d3a9849470a57755c84bb,mojibake,train:132646,train,1,1,1
train,113570,f163373420eeacec25797518141cafa47aa7dccc5335ea34676e2786218c9001,f866cfcbd9b6b18587128300fc6fb0bc619db106dcd3ea485e985e03d3448f8b,mojibake|missing_action,train:132682,train,1,1,1
train,113745,059bf6a7b26fbd2825569d8cf1ce301aced9dcae52a74f00b2a4a8b4ee8ba075,88efcd5082b3b02ef2b10c9208efce6f7e5df7fdf277b1aa3e8789657e59b2d7,mojibake,train:132831,train,1,1,1
train,113749,19f4edfe6ec18b01003a8c9dd2c2e05535d58e652d3a6b12a9e450d71796b32d,61a6666cd663118aaa2beaddf8c216e6bffe080ec6f262c27f23d2452823e734,mojibake,train:132834,train,1,1,1
train,113910,6a5528dd771c8ff10c2b4c984ffaa2613b8ea15e4e3efab6cd6a625be1ef7769,535a00d21a0e744dda01af93a3f9172f30cd485e56027b1cdaf6f819dda447d4,mojibake,train:132979,train,1,1,1
train,113946,16adf7b0c7f75ee98452a6b83e11ac0cff989ce9377b01f17bf8e64e47ded1b2,cbedbbe6648f88fe7811d2b8f50678e74f6cdbad6946b286efa172421aa090fd,mojibake,train:133012,train,1,1,1
train,114187,246af8ba4125f3445ce7942250b6bdaeee5552cb8951177c38f64170c4eb4513,36bce0aeb1844d969c1342c348590f99dadea8d03db313f7cbc928f786931ea7,mojibake,train:133190,train,1,1,1
train,114195,048062e10c18a8442958d96812b23537bf857e0d66a55a160942f1535eb01010,f8b6ec0f8f5db9232fdc9df45e16499461270904cb13696f1d4076a15412f9e7,mojibake,train:133195,train,1,1,1
train,114304,386f9d6c65ec1784f37b5ff7909bda01563593faf7479354187c623f36c81dc6,5d49cfa2ed662f6176a5a96d2c14504753d082d7894ea73235c7045134e0e1af,empty_layout,train:133292,train,1,1,1
train,114366,f73de18b4e44ec6195b84c2be7c4c7b3a7c41cea61704cde216102941031496e,44c1d4ac7961350a4e356b66834126c6d9b5fccfc559105e87a3f3247c05a917,mojibake,train:133341,train,1,1,1
train,114385,dd2b590f59e47dbaff9eb53cbffed51849d0c8cb2d46e3689450183df17d65cf,a99d9c29f8e62f020199d1b6846be2ada619a27ff28a4cd5763e85411b55d219,empty_layout|missing_action,train:133355,train,1,1,1
train,114506,8317870785d2a8d8e69140214945d6e9f6742832c2aa8bb7846a6d2465481401,3abcd2449a67f607da89344b248c521f9550caf7dd5d62aac85476302a114855,missing_action|low_lexical,train:133429,train,1,1,1
train,114620,0eb98334d3ee98783518f7fc41e89cc1a43aafe9bca1bf2b775e53296caaf62d,947b9ca78e9c80045b127ca967d76dbeafc12973ed0365639a50c406709d86a4,mojibake,train:133520,train,1,1,1
train,114710,7a17a9530ac149800864a0f35a38d2529c0a957ae0ca1a1af61f4772b1d07cbf,41f755e28dafcdd72dd30eb168d31ac6f7ffe4fb4b07ff234ac8bbde49f88b30,mojibake,train:133594,train,1,1,1
train,114720,5521148b549d685f1636636084988f5bc5bb3c082fe1ab4519955b9ec0b12ee9,9ee8166cac03ac6e8e21125a8c521fd55254f4a2549585bcf4aa81496aae0bdb,empty_layout,train:133601,train,1,1,1
train,114752,8ed8d4ffbff3c8c6a26d70956c79de43d923f11ce64b2a62fc52b0b6f411b195,4129ce6f0707058dce966499278dd1e1a8f865af88cc0432e162a4077277bcd1,mojibake,train:133614,train,1,1,1
train,114954,e30e294303dc8916308d912bfc28588f8e03f4bd7b65133e30bbb0dc85278ac0,cf0b2a12b1809283e7a98bc01a9debaf7d765bd4aaa6b55db01697a893a30376,mojibake,train:133750,train,1,1,1
train,114957,437231b9322dc77f12aeb49a7ac65265609b0c25c59b05a596879ca41293b15b,5d774cf3b5443b75570a310a7755b056345ff04dd58a809c831d2813d7ac8267,mojibake,train:133752,train,1,1,1
train,115038,db9ee4ea05a43c45169ffddf02d367d1b93fbbb69e6d12c94e2488418b768fb3,40a425e1528b5c1a52f570f8bf84dcedf008e7bf535f263819687943a704f163,mojibake,train:133768,train,1,1,1
train,115235,600d5a7bdafb70ff551bc2e2dea81ca533372329d8a8362e94adea47858e72a5,90d1bb84c233b8d3d922560b5a16b8044d91279872854aac32e9eb02be6197cd,mojibake,train:133892,train,1,1,1
train,115250,39064aa7e692cccdfad4744757a7e1c7117e1cda713bb7a1f54370a99ed608e8,c0f533370caee6c37e551afe34711d32a434d9700932353cda942d5fb76a7195,mojibake,train:133901,train,1,1,1
train,115349,4342418740677c4a6fe407cbbbec53e3ba91250935a57806b45106eaa70e2116,6c1dfc0e3ab6931c0dadacd60bef3ca5af32a51a209b958db398a9914392c7e9,mojibake,train:133991,train,1,1,1
train,115450,3950e25bddd79ce29963819fafb08ab58553de0197eb6e7dc08241b093484d1e,75941b1e46677ff939c8120fd909052e5c8b6cbb5a83c29b7f59bb0c85b151a4,mojibake,train:134049,train,1,1,1
train,115633,e772a7c1b3b9d9137f795d766386d1759d6cbaf8e8b9480f1d50b62123638ddc,55f45d6afd91d5f563dc044a44bf0d9155c2ea6ae8164c5fba3131f57f2c736f,empty_layout,train:134148,train,1,1,1
train,115648,fc791d995459ede15fa04f7c48f5dd7bb272e828c6c9a92b69ddfbb11361041a,6f94f2c02032bfe64805290267b3168ba36791ccf3b1c31572eb0f446c41bf1e,mojibake,train:134156,train,1,1,1
train,115796,337ff4c9f65865f0a17896f7ce33877ff2934b14efb9ba75fc9ca0ca155f9b6f,251343e3981de2013e03fa39a3973d71fe5f571cc9e8a3c14cbb8fed2c2386a0,mojibake,train:134272,train,1,1,1
train,115960,f99a5c45982cec26262c5068224ba43577353454e1da767f9e08da88ff416767,b41054105cb0de34f939e7f47516a2777982c913f2d2cc5a11e2872fb0de7808,mojibake,train:134380,train,1,1,1
train,116021,456f22032aae0b2c63189aadac859b5f28d0aa6ae43ba22459c5ce6b526e9c1d,993560159c5924f3d7d707458b234ee613346f178c4121c090f66b1c3668672e,mojibake,train:134403,train,1,1,1
train,116028,8b0b405c2540940b7956d27d9a5636943d695ea2a31a186beceb5f2be41a36b5,c49901537db4d57f0ce3d4aed7bf799b8af0cc23502bff418e14cca969be2497,missing_numeric,train:134412,train,1,1,1
train,116078,21065224d06c21d4a0d9a7aeed0a17ea112c7394cced331cd123b8bc5de84575,e9cea35d6aeeea55b9dbf24a3376ab4b9ee93003051b20227734ad096141061d,empty_layout,train:134449,train,1,1,1
train,116088,ead75e5942b383fabca5a67cd511668be016946212404c215660db22470c9462,b291990bcaa0d8a79d56d5f4c3cf61b8d2222079c30080f9bace8f51d1034b8e,low_lexical,train:134459,train,1,1,1
train,116120,f40550a89f89b33e2305c3ceeac826b12cf0fed98d88cace81c5a7f9f7e7c472,523ce7373ee2816cb2ef45bc318f697dfc55d7b54b2991a4a08a98cd769108f9,mojibake,train:134475,train,1,1,1
train,116138,159a11744013a202603ee266c137bb07ceb6c443d2fcf3096caa7086586909a5,68356bc2989a331a2c20cead2e8805f3e9d443fc07d71cb9196eda4ab3a8a68a,mojibake,train:134487,train,1,1,1
train,116150,31a2225043614bc646192c959caa1bf22a07e98f87a03540e0325634a013d5ab,5f443cf5ccb4b61b66f1842ed00062795a36659748f5781a9319cf3039e2a419,mojibake,train:134496,train,1,1,1
train,116171,e54f90658cad74206db1ac0d78a3928c67c19c281e45406e9a8ae644f2403d81,16c6ed6e04410768d501ea5c2534e87433c275c8915ed0718fe02ce89fc2e68d,empty_layout,train:134510,train,1,1,1
train,116278,9a1d1990022c38839ae351d75b38ab910f94e3e142a48a0a39dcc93e89b73ee1,12d057c741d993f3607c8c2cf970e5faf11adaaa0fdb172d32b1d6182b8fe50e,missing_numeric,train:134579,train,1,1,1
train,116321,cae0a6eed8eab10c145c39e45b3b7fa4038580cf6653196baff1e182eeb82e68,d63d362afe0c4cbd2cbecb125d3751fd4a8ad8000b19a2a91b6332553278aaf9,empty_layout,train:134625,train,1,1,1
train,116341,1ff1aa98fea7601d743f0580ca74ea3cd2b2673cfcda42540681dfd76de069c7,b8e979fda706c461aa73f87a35b1202d0636753fbf40996ae81dabaae179b424,mojibake,train:134644,train,1,1,1
train,116575,5583371af99135b91cfa5c7e4666f72a8e358bf959e3b9613a4fcc170bb6fb46,d9d4d8ebf2a6f5568ccae0ae0c8568e1182d75719ae5db9ad64bbdaaed5859ed,mojibake,train:134783,train,1,1,1
train,116646,d6e87fd8a52269ac99070f1eaedb1f34c8b7d8ab06f482f9afb8af18753f8b6d,3c6db506aca279eddc58cbb3c8f210082cb178aa6a7aa44f710ffb555ad1f89c,mojibake,train:134835,train,1,1,1
train,116647,f7fa5bc3451d68852974c9ab89e60b803eebf186744e6b85118971367f5a7463,d6823fe50ad1dfb4373598ace26885edf75043131d18438127c0ca2c87a99471,empty_layout|missing_action,val:817,val,1,0,0
train,117005,12d3a94ab67a8ced511e057236d1bf7394d37e8a0db118d994a868614e9b6d8f,8a52a11b2dc7525e3a7d366624c0d3b2e22fdd2a0758b75dce3d72f3eb351703,mojibake,train:135111,train,1,1,1
train,123585,7857ec2c7130e9e1599e59b2242c98b3662234a6cc62905396cbf30725b53fd0,801e91eb8d7bf43d8dee87c61254a135448c4e25cf2ad6a0c59c3c7da8df7d8d,mojibake,train:79790,train,1,1,1
train,123606,777c06a02fee2c95874f606ec2a3659ad56a6448105bf80ebed896b613a1a998,9a621f7ae37801f3b8f88ced91cbb192236e483033e45831197f33f4df289dc1,mojibake,train:98932,train,1,1,1
train,123642,26ee9052d2dcb2634b613f22603e4f7e42160d1c79d8f0a2fcdfdb8be2113181,80ecadb606d1aac0904333cbb66e59b761fa8e0723b8f1b7cd8f0f7c6727697f,missing_action|low_lexical,train:98980,train,1,1,1
train,123663,6ef86fabca143c79fcfc23f21bde9d01edadd75ca027fa5ba841f7410ff84828,be569985bcd064732bb1b140842c601b3308d5373a3b2f7af9d6d3d308e356c1,mojibake,train:99006,train,1,1,1
train,123677,6e316860f2aeb9602d724bd2dd56d41e8cfc4b16c6236e432725a0dea1a546fd,697085b15b2e9eaba4abf0ee42376b5939a1d6fe0f252bd27fb356f977bd2f7a,mojibake,train:99029,train,1,1,1
train,123736,3c4b4193b4809a2b2e0b044e3f18c6b23cec4036c067a744c73baacd2f6c52de,d6986679142623a912e5b91f6ff7d4463cc23e8b0f3817e4b5aa4042d04fe121,mojibake,train:99112,train,1,1,1
train,123778,174f76e8cd5b67e681ea8f7490dfcd44edb793f041153adc7671649e485dcaa7,c958a329944ec6e77aa667bc4270074c4eba333a7d7394f5c5421a5eef7ed80d,mojibake,train:99152,train,1,1,1
train,123784,fd45d5e601f57b4cf0d703db1cc24121109f6c1d78663d84ac7d0577d75186e3,18f5cc2a4352221df355620c59f6855398fe01619ccab37ac9fa057e056313e3,mojibake,train:99158,train,1,1,1
train,123789,2b5030abcdfbe1c0d1aefe1c3145a40294d2fd506efaf70f99cd15b086d46670,e2e03656a91793060ae294b468242d39540688234c4de60de76c2a2fe109d4af,mojibake,train:99163,train,1,1,1
train,123791,e0fddd97e93338cbd79b27534526f6de10d03bd59bbe25e9fa6d5ec728ff74ef,818449a686a6387f25a468cf21479c65b9a9375de12ce271e4538a1326c0986b,mojibake,train:99165,train,1,1,1
train,123802,810043a3986073c6ae54b66087dcd88436f0e4eed6b7de49b67fc6cbe5f0b366,5139aa363ef637c391d582e81e9fa2c10a568c8b4f793f8ebf1e805aac342bef,missing_numeric,train:99176,train,1,1,1
train,123905,6bce79c407df1d752dfc87e0b50d477bab61fe165afb53456391560541788a9b,e6c7cca748c070b012a3cc043c30d9379bd2c350cb394cac36810d309267e655,missing_action,train:80171|train:99278,train,2,2,2
train,123936,0993512df5e64780676e9c54cca35e80941c15f00daa2296c83b2c23d55e9b2d,5a9d4aadd3cb6fc407698c0bff7954316090abc7bf9387b40e0e6c9808863736,mojibake,train:99305,train,1,1,1
train,123945,106955638d049119117708245a4c2c7aca4cd0e1e887ed22b88071da1de17e95,2bbc4d7688aab76e4cdd481424ae6a1a6a18acfedf881aaaf82e384832dfdcd7,mojibake,train:99314,train,1,1,1
train,123975,677b130a7ebcc90aea814ef96f18664023f257a9ac42fdc66b9e635422b8762b,9618a93d0b47a7a5bd25ef309a2cef76e54b04d2affa5a03fc40156ee51472f2,missing_numeric,train:99342,train,1,1,1
train,124065,dcfd1b5b1a91380c687607e94d2601aa368a2dab90625fcc839814e677cb5b74,399dec5cf7da89031029532489845cb28f71906d7c7a786c3804a9999b810578,mojibake,train:99434,train,1,1,1
train,124076,ab8c067c64b29e5cc1d6f3730d5f9d75fc0c45a61f6ff0cf70b3031de67d6965,51e32a20ab97d6cc8487bf608d43c2d98de90ee82178da6e02b8b30e3e7faee6,mojibake,train:99447,train,1,1,1
train,124183,fbf5fd0a03e9c364a32edfcc354dc23d7b61b494d490a18d9caf5da6f70341e4,355ca9f1bf813612fa626895ae4b6bb10f8b6a980566b3cb3e6ed333298dd56d,mojibake,train:99550,train,1,1,1
train,124264,d76ba6552a565fc4f8e49af7902a9cd587bba85a930f17d85193872b0818fb63,1f3b23607dfaaacbff683bfe511d64cba3e8c1b24d155080bb3bdd7e9f97b073,mojibake,train:99629,train,1,1,1
train,124266,922ff8e1d1d9367d3b6e687c1ff66d7ef532a8a768db7dc07e09e22a16fe55ad,09aae8d5384701297fdea3977b6ffd7a2ff1bd76d94e69ad69c2521622cf49c7,mojibake,train:99631,train,1,1,1
train,124324,2a0305922fd523dca67d87e7a3dcc85986fabcc4d66ead4542df9146094c28e7,734d4a0e8f00e8f05d51ea5d35bc4069a6505a21afac95e53ab6cf060fd4fbad,mojibake,train:99690,train,1,1,1
train,126758,37f54b198dbd0c0037148b546961a06361eb21f0754a02af46be73c5a93c6997,546967e9752e73c8eaf450bbd39d6776cd46971dbba7b674f60698c7e84e59d4,mojibake,train:105892,train,1,1,1
train,126766,6c5a1c2df668b78a5aeac23d9d924093ec1d8df1771486b8dbb7d161d9ef6aaf,f3b0b30aed2296431715c72e454e1b3a804aed5dafa44948c8ca7e724a9e9688,empty_layout|missing_action,train:105898,train,1,1,1
train,126820,448fb1da53d897171322af7e5699ed1e96f6c16b004f521efdd6437465b01019,b0961d7e68abe7dfb33daee8ccbef041a163d90586eb29e413a716ea4bf6186d,mojibake,train:105950,train,1,1,1
train,126821,e3482dd15f4fb6a626bfccf777e7faf83fd36f62b22b33d7e09f7074ff5b7a55,26eb2c9c162b36e45179b0b4b33cd247c7921466a64f43aa81dcc06b61ba1136,mojibake,train:105951,train,1,1,1
train,126822,a223d0259691f6828cdbbe89ca9228e3ad182a815cf35c46a1ff05cd7c9596d7,1fe5167af64f06703b0aecddbfc906b64f5c571e0d982f38ad38932fc95047e7,mojibake,train:105952,train,1,1,1
train,126826,fd529c96e09223d18eef11a062e4cd41043e5ba4012fe793192a26900109a3a1,394fbc0a86e3672894acb6d3145035363e5d7627285755cebb31c84eeeb7a217,mojibake,train:105959,train,1,1,1
train,126923,cfcc20969b7cb33ddcd574f6b10f583be559fb4e0ba541ee785e0ea7a49b07a1,6cc5344c24dc7575ff820363ddd6c098e45d8763a21b2b9d98ec3aed806f5367,mojibake,train:106066,train,1,1,1
train,126940,088321c44294a1ada28a117de4713610668cf3822761260c8672271cc888f139,62b811509d286f3322b8b943b5c32ffc3c8d252471fae65fab99dd93a03adac9,mojibake,train:106089,train,1,1,1
train,126959,1ddd68640b8da276c654876d32b3bced0a8daa5ed160c823356befed2521b485,24dc337917def4596887a92c17d9dc7c3b111b68237d50a0d8eef4c971ccd517,mojibake,train:106115,train,1,1,1
train,126984,8138203d9f932566af9350c8dab7f8bd31710f6ea61d1b1693cd0cee3d19bdf7,0ffc19bfb1d092e90c230a1c36f04bb201446abde29f8a02d00d6e3d22476105,missing_numeric,train:106147,train,1,1,1
train,127038,3c28513cca1e3e139459687e7357ab7c1a8cf58d4eec7ab00e0b505b2ee3ec2d,226f66eac110c9a2cf93b09ddc8f46fafddbb231953394dc14c22dbb349a2943,mojibake,train:106272,train,1,1,1
train,127086,e598cf1a7b0b150b76874494fa596fb904e57db547f6ac3214d6a6ca9e02b601,b6c48f3ee290231ae81226f953bfc76ef1f7a3cf4a133661b14c2ac37e704e06,missing_numeric,train:106347,train,1,1,1
train,127173,52ed999a7ca2a3562844a224dd4092f2caf6bac200fccc34eb7adaa105693fc1,b55be6dce362327de8aebef0103059d45c5289b67e7c9afbd500cd613723997f,mojibake,train:106461,train,1,1,1
train,127183,7e59fbe54a59b094f6a4494a6341b1666110c2001fc9b9a2a7fa5fc0f753a8fa,f064ea54c087d427fb439f6fe7393aeeb466aba26b00371b5e435876ca1577fe,mojibake,train:106474,train,1,1,1
train,127185,a58c3dc5893fddc49a8b51da9d070171faf0ddfc0f5371672056e7a9bb08878b,5faf49213a6c53d3175ae07af967ff0a2811d9192d425ecc0e314fa7564a973d,empty_layout,train:106476,train,1,1,1
train,127260,9462781df298649e38adc398fd0c51580333de8268e6973e96f6c1107c5310a6,014e060aa7dda6117d0a12669fc83531dace543c3088340ba19986777694f9ae,mojibake,train:106567,train,1,1,1
train,127324,a28007cca1836c65f8493b19354e79821a6ac807c459510e2f6b511ecfa6e27d,0d6cae56c50df988f8669705e4e31dfdb97a688bed1897bad90a7b5989eef314,mojibake,train:106658,train,1,1,1
train,127415,897623087493c83400f991dbd9bafb4e816a64a79f978561ef0b138c2232c1bd,9c5f5709e2e317ef53d737804642b34f4ce1b9f017e8af3141ac1da0fe7ae51c,mojibake,train:106819,train,1,1,1
train,127471,27fe63755095acd5e3bd90e67d8b7762e58c292dc8999714ea152845d0cb3706,27ce28e87af2b84abc5dd08c7abe9ed77e4cbddfdf2177a4abfea6ab13148445,mojibake,train:106898,train,1,1,1
train,127475,b6a319d1b91756a084999fea1097b71004665babcf9de9e3858766cef2b66afa,9accfa5f263bd9e58d801038aa1660dbbb4c77bfd31323bf24776e99eda6e548,empty_layout,train:106904,train,1,1,1
train,127476,c83352b2790db49be1ceaa135725d117b237a9f2bd07e9458d66b4aa17355e63,ee2574bf1b38421d71579c898d5a233a6c19d9420de56cc41cc8ac0e73295416,empty_layout,train:106907,train,1,1,1
train,127481,39add1162b0344098553e92810393fd3959fe71948c0f7146da39fe9a525663d,755109ab0ce4cd4bf70a710b6f0730035aef417c183325f96008eaa540d6f16a,mojibake,train:106919,train,1,1,1
train,127528,5c6c3828693b5f32c43daadc0371c1e9b77221b66aee68bc5900aa9348dca354,fa61ffcefff81b09e6503febaa6b752481c8030f1d03aaae981530858057ee8f,mojibake,train:106960,train,1,1,1
train,127547,46817299aeb46d7042a5edb2b7bbc8562fe11ba3e2c343c773652e86d0fdacf1,1bf0f439747c420e84789496bcfd4c2121508b3cb1e4620749dcf8e198fb11ac,mojibake,train:106989,train,1,1,1
train,127564,7b03ad4ceca090841adff7b671fac41413c0368fb2468fe9964387ec72dd7969,c583246d441647df1e9d70614e8c5710a13ca69efd2932d4012dcbbd1eb07bbc,mojibake,train:107014,train,1,1,1
train,127630,b4c60d7a6dd3e727334bdd2b036a967876108b06bc08d8f5676102c03bd8f5d4,3af06aeb2b30d6d5e5c72b78da81ffd330205d2491464c224362bcbdb3d66a13,empty_layout,train:107095,train,1,1,1
train,127641,97af96eab6f4e396c41d24d6b70e12010ef6c5b2c2d2c63579e62cd6b81174f7,3f2b909be7a9f3a621d857af5d31afb81afa0c431cc97c63f1652925379f2403,mojibake,train:107107,train,1,1,1
train,127665,d1978f03db77be605c63a65c86066233a5cde1a74008c4e6fa177ae3e376687b,4acc9d28a51c582c0a18ea03216d3c8992b74049c0f1cf94e4b845d2b25d9df0,mojibake,train:107137,train,1,1,1
train,127750,44046abc21da49a7f42e91966b6325e5600b4c082828d3212f14385ee2edfb3a,b4c0fdb096c1dc1d4e706102a6094682e5d8f02628d7e4277d2035641eebbfe1,mojibake,train:107297,train,1,1,1
train,127763,1230e5c0d8d15bfe371f3313686afb08612421193be9a3a5643c04d48337c7db,06566a9f7da7f42df0d8485f27016e732f613175d58002cfba476f1414125e6e,mojibake,train:107317,train,1,1,1
train,127783,014de262bd5850f0b314d919b171251bf55016aeecc18a3e019bc4925e952631,0190f5d1481ed6af8c98343ebce8ce4e62cad66cbc6787ddf25167c1b370e58f,mojibake,train:107347,train,1,1,1
train,127894,25ec6830d431c224f335e6f1c6ed542bdc99cfda6f9011ec1bfc915a375dd3dd,9566a260fee4c0aaadd22fdc49f4b8fd19d5852e03dc15a4bb855000dcd54e4d,mojibake,train:107487,train,1,1,1
train,127899,0002971561fe3c8ae090bfb4bd13861539746e5a824a1d10312aeea2512b818e,e621d280d26ad6419602f739dacf2dd94ae7865e3f07a1488707b25671e8f4fa,mojibake,train:107492,train,1,1,1
train,128007,f4883b2cce947817b8216a589f0fd4dabb0e0a59ed1f4d7826a114aa7b453286,fbd1b2602c125b6e56d87e8651f3cc3800d2bb22d976e79330db32875474a818,empty_layout,train:107619,train,1,1,1
train,128135,7d7d6339955fa5c812687d0efdbac63fd5cd39cee25b2ae6fa7c2f6f66c00906,2b7b9f9ff9af94e1715a4f703dc181ae371ef6051f7a1053acb284ffbe89c341,mojibake,train:107814,train,1,1,1
train,128143,d6540cf8ab0698ebe3954887f10c63f1e6cf0bd00d7fbcebc17034ca24954be6,f0e19cfb37555cc367cf63348fbb1c6886184c0aa4a9285f25e9b63644fc5fa7,mojibake,train:107832,train,1,1,1
train,128177,4900eecde00f4492f7e581232f5471d7aa43ae50237f0c2c233fdc5961af15d6,c2b72f454698bdaabe75dafd00f3eda95422fc55fde23903c2e8de95be15b15b,missing_action|low_lexical,train:107883,train,1,1,1
train,128296,bfc59f6e9c68b261cf3a95dd48244ec65f73f210b28372c0d4b9731d69a8bd01,1d12814e23dd87dc82a996e1ff0de1181250a53df005dc6defbe66e527d1bc97,mojibake,train:108007,train,1,1,1
train,128303,a0283e27caff37131c600b82703796f63a6110a5fc4c169b58c9272d0ff01156,4352df02edfc3b32193b5ce27b0233f920e40c84351485de5e4166e7c6763ef5,mojibake,train:108016,train,1,1,1
train,128403,a9c50517cd49a0b3e0f529341e1313025eb58ac854fcb914a611acce0b62eef7,07fadfd4ffcbcd5fc3510486d791d6efb98bfc899ee94552dcae8ceeba3c3b60,missing_numeric,train:108120,train,1,1,1
train,128513,b5278aebf69886082fcf1ac8942a3b096a82fcd33c1e92daa8f8cfc5b5db36b7,aba240a684173e9a8e846c33ce4fd0414dda97c84bf46f0ee00a83fb88cc461b,empty_layout,train:108251,train,1,1,1
train,128523,49921e241a0e64f96c8a6a4e781daad7b13ecc4d748d734d7d18e169a3568f33,29295d223319d081096aa65b9fe9c42619ce27f3277903ec9009acb4b9423ffa,mojibake,train:108265,train,1,1,1
train,128545,c3ffd6633c01f1efafa36b403321a4d9d94a1609cc90ac8359eac8b071fc4102,bd0a7ffd2c96b17cfbaaff21475756958f9ef0dc35ed9be0be9a821d4f2648e1,empty_layout,train:108291,train,1,1,1
train,128608,b0fb880d223cec5cbe23dcb5e7cc89fd4ad37b0410dd792226dcb38588ef53a0,50eecdf1688b8a069a67aefd33d08598af6cd52acd9d4aec603761c74b597972,mojibake,train:108411,train,1,1,1
train,128647,dc2c7806a7a86a1c31805f56ced6f15fff41d8fd7806a9404a9ba53d0546e2bf,4aa4744952ae896de2bd7d053bfafbd5f25b77e35b7c83098dd5c3bb7132b022,mojibake,train:108479,train,1,1,1
train,128712,919f2603bd2129c0c7f861233ec2d31c6800bb1e3dbe10bc65c2b9307f9f1747,88c5bdc66fa66dd4b3bdf93f86011ac11b48c8feef7a6c8735e3544ec5a75f94,mojibake,train:108549,train,1,1,1
train,128824,25bd536d73aa18fbfcfbcee271a67ac498bb9e31ebeb4172b9cb8178052fc9a8,dbe2f8338727628babdbd89d4c67946864feb689c4b39e1959fc4896cf007254,mojibake,train:108674,train,1,1,1
train,129145,620e24a2a4d0a1c427717bcef6b393f89fc145366791711f9b2d4598a9fdc227,571b0bffcfd93c0dc1a4268914b522450a7b144b08b533f1723c0c8ff4522bdf,mojibake,train:109096,train,1,1,1
train,129157,48f14bc58f02e309cb7f1a3f276e4be92708594a1449a43ce54775c949925a08,af3e8ed34c1b1b41e9c83716ea5a0266516ff797bfbbef8d2d154ef17dfd683a,mojibake,train:109113,train,1,1,1
train,129224,551af90da8eeaa7d34e878444017367332af501b28a40adb211d6e168db6c4e5,554e6c95e60347146246414a50433d4b1be3096afec45a35c059557b22144e1f,mojibake,train:109171,train,1,1,1
train,129419,0050addd31cccbb58ce5bc50c674d65e1d97f9d1d6e23765d2d9c1fc3e5b5815,1bdbf40334b20d64fbd69e7f9503f114ce99bd26c79f6ed3ce492ac7312fdde0,missing_action|low_lexical,train:109440,train,1,1,1
train,129520,b9d5086b786da27b304c826d4150af79c61b422631923c242ba4083bdef78b81,774639377a2463460769253fd5e0e04541f144d7fb435d16d67a3676c95caa2a,mojibake,train:109560,train,1,1,1
train,129674,59cdbc56374c2d4566241ecbb6fd3e5193d5c8097cacc5bfbf9f5fe7f2155b36,56005aacf9a2246452b1a0bc78bf02a140dc130f589bef71b149cb8a4ce211e2,mojibake,train:109761,train,1,1,1
train,129806,8d6f592402d9e44e3568d554ed51248b00798d4ab45c2f4c97a78872ba9d3b0e,ec3a11fd22bb1ca40268e34250dc72ff0fd13eb9d85a81998e7e68fd92eba5e8,low_lexical,train:109963,train,1,1,1
train,129812,67487862d29f07d447c1e33b45646f3b38f89509909f674fad01b625e1e3fa17,132e27e992f04a1541d2a0dd8d700ebff2c7a56f5b0da0073bb4bba9011a29ac,missing_action|low_lexical,train:109968,train,1,1,1
train,129869,3a188f7ed2fe2ecf9aa676774ae36b8d50d9b998df74ae6924b8189f960b5dd3,d78af607231c8ce98286630d0f7a2ee987aac2d760c1c9df5c96d2fc1e1441d0,mojibake,train:110044,train,1,1,1
train,129902,49cbcfbc94ea25bf482d71a31ad36058cbad90b2fec18973e38c7a88f24068fc,089567a23c6f4c9e7d070a022ab0d158e7a10e8edbc741d29b44093d31ed9f6a,mojibake,train:110078,train,1,1,1
train,129909,0bb7a58fd93cdccf67c363860915b5e8945eaba5829c99a9c966fb28226fbb46,76eaa488571fb79ea3a08dbb24fe9a65fb99176294cd76ed5601e805addc723a,mojibake,train:110087,train,1,1,1
train,129917,d11e517652af45342a1c84a4747229b0c4812f76ca9fb248851f2cb019a60204,94fe94be25a95214ffd0bc333c769e9fd8f2de4cfdc86a0c71ba1b4f40cc47b3,mojibake,train:110100,train,1,1,1
train,129951,93bc3c87bec13e605829bd9c4355c74cab52bcc3f46e23ec8b37204a3aa01036,8dcf68e5442cacccca4e7891e403ced3352b302422702b4c8863543fa101b7c5,mojibake,train:110142,train,1,1,1
train,129985,b6bd6cf70c0fbe77133f96ae841bb8be5c7e7afca4d7c78d638e2da47ed041fd,a7edf151d3ba05d71f45c5c1cbdec1ebbb29c197dc977a531c61a4fe78580966,mojibake,train:110172,train,1,1,1
train,130011,e7297d5aebacc4a5c68d36c0eccaf048832a8a4b220fdf15bae0af08cbac53cd,5afc5d615de63e4d539caf381d3951d6cb08f0161d76a81fc79157d8b16babd9,missing_numeric,train:110205,train,1,1,1
train,130050,06c46727dc522fa640dc99a837d442792302c7cc2399919fef443c89b29f23bd,f4fc6e9ddfccd156c1cfea9aa52a8b7b7eb5a4e5163e8cdb16960f7e5122970b,empty_layout,train:110259,train,1,1,1
train,130064,474e597a1ee99774e81225d38219675b08eaa9b77e65b64c26ec55b5463e4399,7e8dede3b7ce52c77a8f88f005f7c5660b383fe488a8e2611d4c399c12a49851,empty_layout|missing_numeric,train:110277,train,1,1,1
train,130097,07e914c36e26928a6a25a5888e47a2eaabcb5a623782496eddd521ecc452c76b,72c77d08eebc036b9205c71774871ed4a08d522832229531703fd3efa09879b9,mojibake,train:110330,train,1,1,1
train,130129,fd100c16e2c570e35be632b0ddb5ebfe8ae5872550fdbba49fb0d05287fa87b4,4895de67d16fc80af42c6b7df6c19f7e75d1c07fc06e5f6503f9c16bfcb87629,missing_action|low_lexical,train:110400,train,1,1,1
train,130153,e198ac2fb26643e0e5ae1403f2e21a39df4b63a3bac8024da3f5688d5986be90,52238ed7d2c86ed3b167ca74ece24780b5c33f561a63cf358001a84742fe4d5c,mojibake,train:110429,train,1,1,1
train,130178,83f208072f88534d78465deb6c42b454ece68c52c100c4efcabf2c07fa1bbed4,6c3bb86e4c2e29ceb68e8aa46c7db233b1806486c7fe9617f60784b48ff93284,missing_numeric,train:110464,train,1,1,1
train,130210,fc67b6fcd7f5c7ac41044d90a8da77a986f3638512b47f00405ac05cb61b0d9f,26e1300ee41f3c9946257dc8ee0d2b3afd57590f8fb27c9c5f1a6f417d00ffa2,mojibake,train:110509,train,1,1,1
train,130274,5fad5b1d74400fb02ad30da443e60702de074606043480af07192252cf81bd3a,999681d4e2b40b06f6cfd3364b5cd62cd642bf168f9c0cf437e3fbf55136085f,mojibake,train:110586,train,1,1,1
train,130466,4cac13d0c8d84814d21c0b112e585eba34bbb76cf75e147008e82e0c38514381,c17871410f54851053a6499c0026dae4e28b9fd08cff3ed585a9d63dc394c4ac,empty_layout,train:110803,train,1,1,1
train,130560,0bb6d2d4a21874345da0beee06e0867b2bbde682b5a3d95c8854a7316ee0852d,b86bf46b9897c2a1c0754349ed8dda14abe684e2169ccb23efd489f91d6046ce,mojibake,train:110952,train,1,1,1
train,130640,bbda01b2b8142c8381f6db41c29764a391bbc271e42cd903ca6fcddb5c56d412,8bc6327a5cad1a00be5d39e36bcde25ddbb1d4c683dc0558b46ced5cb93769c2,mojibake,train:111045,train,1,1,1
train,130706,657e3fbc769e4e4d627a493db39298ca6342ffa0a3236fa66f6df1fdb4e5b56a,d5d7da7666d78df20399c0a18ab88c75e6b5bc1ae11260dc7e24aeb555a362c5,mojibake,train:111104,train,1,1,1
train,130708,866e244a12db9d3ec84ccddab1c071d3c49a95edc9edbce000f5766365d12f64,87b1e6b0d3cb123d63b315afbe39693c1fe60c5c7c75514abe0dbb30bbfcf0b2,missing_numeric,train:111106,train,1,1,1
train,130725,ca0ec35de4a5a86d87183a301dd03dbf0750365ebca8427692b07d48271016de,1b999cdd2a3828b5566451c1bd86eff5ac692dd1187197eeb98b847181d5d55e,mojibake,train:111125,train,1,1,1
train,130810,9e1fa02709f313fdf070e34cf152ecc3e952e390f8ed9e75ee6ee0b5c276f029,a515dfc192a421bcae5abea3b20588f224ae92c2cd9ed23b17761676f32a0fca,empty_layout,train:111201,train,1,1,1
train,130822,fc6790e7ac8f0bf69854d1e05a0070a3aef8642acfd2ceccd24a080a87f31f39,c95d593707343e00d33b381953b60df55b629e40365f72506c0e8c00b9be8cee,mojibake,train:111219,train,1,1,1
train,130870,2c4f600871f8326d5d333fb297b0e64ca557f7f8c76c540ff3249d9dcf038c90,16bb131c2aaa4cc03dad9f31fe3f6d5bb1862102526395457e8c1e9de0c57829,mojibake,train:111284,train,1,1,1
train,130883,120acdb7452a4b52fc8ebc5987fd31f34a122e2f7fd6ca28f42d2a3880608a27,e15343421ab7cafa1b1778fb707b8764932b038ffb2ad15bbd2f2f286be4c59a,mojibake,train:111297,train,1,1,1
train,130886,0ab4d7c314da50aced367dcb9f6450d1a677116788a6b5a17889429bed3a37db,b8040f919e483f16b312db0614d65b71292410e3ce210b1ae202105f8fa9adfe,mojibake,train:111305,train,1,1,1
train,130942,b5255b0076f9737bc46ca2f8ea589eb9f6be8cc39a81f3086496ccdb049c85e8,ec16930cbba5c73853572a14175ec30c7397245a1a5dcc80bdb3e9fb1d189f28,mojibake,train:111385,train,1,1,1
train,130957,14626603a09898e814539f02a377d53fe57a34952b0c19cfb741d02d97bbd43d,070111d2d46bb7c4cc469abc5ee7cc7a7b2d8637dbabefb39de1918684b2dca3,mojibake,train:111440,train,1,1,1
train,131020,314e29294d70bea9ac25e804dd793b030c6788fddbb313b16cf9e687624f37fb,41de5643d4f195e91085e8fdf9069acb42b9d7d4f0c852f886cda66518441fd6,missing_action|low_lexical,train:111521,train,1,1,1
train,131075,0a65d06979a3ec2bfb685dbf6ab784ff805fc95b9aef547f2b507c6ee48187c1,289366096ee1818f75a742532fd859f462a35ff567c507cb0747707877c45b89,mojibake,train:111592,train,1,1,1
train,131151,442e75d484afcb4827268951134ce55c355c8616ee756c23c092d4a01fba98f6,402c4c4294b395437cae650e7bec2f8e5782f548a8760a460b06df55ae52af3e,empty_layout,train:111665,train,1,1,1
train,131185,046cc279a71eff4737622cefb439ada6767aea0dca54efb4d11e8c18c593bc30,610d09b8eee5c91efee602ec4ea1c2048bc9d14b138bb88c05b9b251ef0cde8e,mojibake,train:111710,train,1,1,1
train,131224,ccc6b1d8efc7d090eb21373c914bdf60f811022569fd1e0a8972bcbe02163840,f5370c44ccacf9f65893c364574d0bc00690e27c6dc931518f1bd1bb5c3e24d8,mojibake,train:111731,train,1,1,1
train,131230,72793222fbf7170d19f0c4f18e63c2cddbdbb507fa8cf98b98cc4a8eb0899d0e,e37b1793ff1a8aec171e858918943ee805ac0687a967056d1d7d810edce4e877,mojibake,train:111739,train,1,1,1
train,131329,de4ec13771015167c960b1d89b664471322f904b512da3bdea496efc81f6e8c0,dc2e2566f8b0595c3323a2e994d788400392d9adb201c74eec59fa7b8930c54e,empty_layout,train:111868,train,1,1,1
train,131343,0e7b53f3e71ff1da08166a0eb64032fbe1cd27bd289096d9083e2203243b9bdb,c9dad09f68554c0611452b029fa19a269e92212786d899f29d2c183983b9bf44,mojibake,train:111884,train,1,1,1
train,131355,48b03566c4fa9de366dc9fd3988a8bac6bea9d0fa324ba2251fc06577cc20861,0136d83692735728b4d3afc18d5b080be75185147f7228879174a4decee69079,mojibake,train:111895,train,1,1,1
train,131393,6eef54a241666deb737d55468d6fec60ea838aa58ce8d96a27cf224977904aec,2bdc90c52edf4ac1a0c8ec3b7f425f0cc89bee9083718fca401196b91fde3c8e,mojibake,train:111974,train,1,1,1
train,131540,d3500591ca802635bb60fa809c1f1b00b81a17dd568ddd22f72ace5e761acd9b,8ccbdc95f3d5b1a72c20dd36a9df343abf9d579e5507f839c94ed5079ab0e8ba,mojibake,train:112161,train,1,1,1
train,131749,a165fd1867bb7d75d09316259758fa6a31e6b9cc97c288fc40d5901729614df0,e0da0d90683ff2e5f8287b7a4a34a89de75eff2167c24bb3ee44e0578019362a,mojibake,train:112399,train,1,1,1
train,131751,b915a201dc0f35490f499bf5e36d56d7afcc2b62633dcc6ba4b48bb4d539016e,2259164c32360cee300651f273715c50ae6a076fd475c1f6bb38a337f37a6abc,mojibake,train:112403,train,1,1,1
train,131879,dcdd4df8f20e1b807fd23af94777186b41c4f0ab68eb322b36840b0050f76fe2,1a927df4b92b50c462124a08cc6000ab5c3500d6fc737589dbb2bcbc198c4e96,empty_layout,train:112590,train,1,1,1
train,132188,16a636920968779ee06c38244d020b5fbffa913a2a5ac2371027375a79a7d81b,403276b3d489d36448c12e06473c9b2c60c9799650d90d5775e1441d402aa260,mojibake,train:112926,train,1,1,1
train,132335,bce32be94a95df1c73a01b592bacf4e1404d4090a23b67e7c16397adeb80ac3e,269e3cc100788adc62e3856dd5416ccc045c79b2f0226d0a2a4497b255f9c51e,missing_action,train:113113,train,1,1,1
train,132386,b9b95b9e30f4233b21cfce4b2fe87a37f6e6ae9409f2b8d914058b8875b10fb3,12a1e540a364e0632ee87e9b68aff813c02fdb5b6ca3667aec5e091f9b31739e,mojibake,train:113153,train,1,1,1
train,132394,1608ca7bf84f1930992dbf3feefd84d4e5e44cb275ab5a5276fad4437095023c,637eafe44742a51619100f43527c7a4544adb82f1615843260be3d08f7117211,mojibake,train:113163,train,1,1,1
train,132466,a1af9f563859c6a9c3488a431d8333e0aabb6540a5ceadcc1e04a200355ecc84,3c2d8a0664f51c0eee6c822b15a8b409f4f1a52c90924f58cda2953aa9b8f8f4,empty_layout,train:113240,train,1,1,1
train,132490,3ae2766e9736fc5fb0774210009e31164b135209d94ef5f046069421e0b135e1,fb9e55104750bc64456ca2b86843d0d343e87cf95b0507624cef869c8e9cc420,mojibake,train:113270,train,1,1,1
train,132600,eab8104d00d53587d98574725639c45e443f921536bc2c027fd236a856c2130e,191261df200bea08bd7d7c150b6620d17798303212d1593d2c2adb793986ec8d,mojibake,train:113419,train,1,1,1
train,132619,d6267087790a07e8f8b265a2c7b9aa43f9482a5fa874e34d86acd5e9bc4b1b68,2ab246acdd8b9ed74016f0466a807b70b81eaa20c81fc2e428cc5e7b9568aae6,mojibake,train:113446,train,1,1,1
train,132668,8153f502f07cb3b6e362e6b70ed22b6749f3dc08325e66080a8ec1b403a89d00,e445ab939dfceff89df1420dd94fd058408bfe9268dd4cec60021503ae5e1fd4,empty_layout,train:113542,train,1,1,1
train,132836,21ec1d2cb2387daa7f55618199a0f192b98136bb5587e1ade3444bcf4e7abb4f,44027ca9cbc841bd430372e41b350feaa4577aed0c9a51c570b62db04b668f25,mojibake,train:113751,train,1,1,1
train,132881,86c1b1958da19b5be3cc9e8693b40a72d388cf1bccac5048e18c2f8491c77912,efe0fd8040be679595b7fd1d9c4e419e5148dbb2a713c701fac38f9068541eed,missing_numeric,train:113785,train,1,1,1
train,132929,cd931d8640467a11e2815735ed4747ea45d32c2a0a9fcc12553f522607170889,36651ed6d338b68de5d4742d0ce8756b88f99e3de51a7d37fffbb8c3249dee15,mojibake,train:113845,train,1,1,1
train,133051,d4d544eb063873e636589b9ae02bc736e10c34537dcc9bcf2fbf6cfea53bc936,2e67ecfc0005ba2ed48c93f8f98f56693952fdb5027521c8701d679525975795,mojibake,train:114022,train,1,1,1
train,133125,aad0d61f6ba804659a7eb29334180d9650a0e90a457b1e1cac83053e2839fb3a,89711077aa0799e7c27224ce85f990be8ec55a9dfa5be5d2f0a3755f5bbf5efe,empty_layout,train:114118,train,1,1,1
train,133259,7286a92b8a613e3dc5d9e3586135a158f633c64508a3c10e7e52359223c665c9,287f5e5d0a7a43b8f60425cd7e60f9eccbef9adc3ca4c066f25354ada5a97781,mojibake,train:114258,train,1,1,1
train,133302,fe0c1e6f14f85bdd009dde8f28bd88b2a2eb56c04248bd318edeab6ea37d0b08,65492f8c320b9497ca29c23bfd3df3f667e1a3e7e40ad3521b45da45dc79dbbc,mojibake,train:114319,train,1,1,1
train,133335,8f27edc9c1eda0a2bc61dc0864f60a83153740aa181c1f20b88379ac98b187f2,a2230f90355acad59e59baf899c13026b15e3c1c7b89e1f79657170f08a5504f,mojibake,train:114358,train,1,1,1
train,133461,a085aac2ff769a4de64d180b3d377d278f71c5fbe8dd976a0d91514c136bdb35,8ca9acc8e6df84b678d596b36dadd8ad7cce87040985fcfc1ae4814bc5957768,mojibake,train:114544,train,1,1,1
train,133466,0c17fe06063c54e6375156e9741668405acea89b39fd3684f2cb36aca6f30cfe,0e64a0946321236387040bfb07e3b3d2a9a5e66570e76e8781db15058ec5dafc,mojibake,train:114551,train,1,1,1
train,133483,0f7ef928c05475e006aaffe7a4828f40be2396a9482e8769c17fd2e288da7636,89597375122e10ff0e37fc89e5e328f1d9348a9f650b04ac1a956f50fbce4696,missing_action|low_lexical,train:114570,train,1,1,1
train,133541,a7dfba875cd11ad776a38d89a6712d0df4a9d52498809ab28d316e287bca4a31,f4e02de5b8dcf2dcaa520a5028d6d827228d5b8d268af5fe158df04f58c0e65a,mojibake,train:114649,train,1,1,1
train,133730,88e1d3c5595ca2de0697ae51c33db8c17190fed0c4aa238ae5291034a4363487,8702a1d245209482fa8bbb643718cef2838f514516b9952fcbd2001dc5cda338,mojibake,train:114920,train,1,1,1
train,133828,40aee1c6b3bbb44b2cb28c43c9eb64383f804279e251d66be6dcd3484c96a71b,f780c10ef13f0ff1100314e4ec391a0203a215e07897b9cb88725d60e136cb6f,empty_layout,train:115146,train,1,1,1
train,133869,6141683dfc944f8609d15d26b6367015f596338c58bd4dc7e84831e7c663b8fa,ebabe11f6a8fc3eff3214ac6aafeac1ae6b0cd4d411d085e800d50d69e12adbd,mojibake,train:115198,train,1,1,1
train,133873,2961d8e4c8b9a2416275d1e45cb482e69a8c2e175a9e40be633ce807b9caa33f,7749eedb7ffc02261f3f1ec82fc032a918020339863270a28b49e8fc586316a8,mojibake,train:115208,train,1,1,1
train,133878,f3a5b8a66fb74c01960f93ce728d95feecc5a38a4725c4f1213253d2fc440b7e,7537a9de28c6b4eaa37bc5f759d112ba19f91123350357889c4121ddad6a64f9,mojibake,train:115219,train,1,1,1
train,133961,01291c8c8e422077e80479eb9276742fe616d584dd777cfc635f5e352cb4420f,4057e8407f23177254fab090371c15399103412ad6614378ed18f02333265505,mojibake,train:115309,train,1,1,1
train,133973,d21269f8a4949765a5270bdbf71eee5885a20cef6298303ac0c9d124d1c47e17,c70eb1e964b2cd9ed3b0a8a131d79916fe50b7779c58675c41e338390809f0fe,empty_layout,train:115324,train,1,1,1
train,133976,425c5c657e7f42ec97a2f4562650ec4233a102847b1bc8bf5333417423fe0ce9,baaaaa5d12075babb438d50a5b4f55299c165b42450e313595c77da4a73a67c2,missing_numeric,train:115328,train,1,1,1
train,133995,863519426f84f6ccac4779b19833e02b218a93e4fafce7d0d81902b119848f48,6fa969bf53842dbb6aa9b04c78bf1184c1349bb64d76a7ffce74453651073ae1,mojibake,train:115359,train,1,1,1
train,134173,29ed7312df04ee1e64c51dd401876313718ae5bc66ae30d81ca04963658b9ffb,5e0320a6ae2dffc248e53a1de89bb7a61b9f3dcbcc767630e404c2d879213a3a,mojibake,train:115685,train,1,1,1
train,134213,3245fce50a645d18357d94a34051ab81a9dc0d4b1a06eda4d6f67755743a31a2,7feed5a5cc7575af8f735b387059877578a87ae2e5c006dd19326a4d7af10526,mojibake,train:115730,train,1,1,1
train,134302,e437615643f777e21d500dd4b6bb68a4251cb2528112713cf50f5d8506439a9f,ae5a5c74729b21dff872ea45518c9e21d01e31363d4c25c39e7cfe519476798b,mojibake,train:115841,train,1,1,1
train,134312,9a60da1df94d76aefbd836633fb1ed5c308cd125c2997e30a2df052f0d4bf703,8e4735878dc281d939742a86d1ad6f09af30e63173bac34b4e0d7681570c1f29,empty_layout|low_lexical,train:115854,train,1,1,1
train,134335,23ba9a0b4f428d4c2c8d7bc83866b6a915e97e8384b21cff19fa9ac8b63eb7ee,9eef71c9058e6a809ba9d8cbf5166305a7add42cb04e33b44b3999dc042a487e,mojibake,train:115887,train,1,1,1
train,134348,1c021f66610201e09666bb5c1cd50e5f4b514edb727c6b29c5e99ae37cb4802c,b22ac98cb98220534a0cb505ba1302359efd84f36a7f163e68f07bb42644750a,mojibake,train:115908,train,1,1,1
train,134363,756d18f82b318b85bd1f2dac74a1aaa6b26990971e89da40165af0b8e730effb,920794c84bf216fb684a89330949bd4118814d4db055c04f365e583c29824a1a,mojibake,train:115935,train,1,1,1
train,134418,8b099d22a2515859cb834f29371efd2caab8194263d2db19e1dacc728e0bd065,7e3e2985ffabf686c14f318c478a36805a565cbef675194ce4cd83d6bf4c42e9,mojibake,train:116038,train,1,1,1
train,134425,d0de1095bda616ebd67546cab57119b4df97ecc22388e7301e2249db7163f764,cbfc0f0d7d5845fea929eb741b210408e8c4d327977a8ad5d7eba3dcc2ac677f,mojibake,train:116049,train,1,1,1
train,134550,6517925201a59864848472d7a9844f89f1341c4b95900d94a1762f066b03ab23,9cc0fc9ca8a24d7ca3b54f5c0d20de8ed1e0423bda6e826eea9690b3e4ff5555,mojibake,train:116223,train,1,1,1
train,134553,89fd71837af8a373784214e41f88d1e0bbd151070e54c0bf53ef8f920751d985,65f9dd709922c5a0cdeb337a63bcbf291edd5c2c21524b0cc883b642d73351b8,mojibake,train:116229,train,1,1,1
train,134689,8855642b9cb6b0732e8a0af8c3da131ec89ede1ee35dcafe0d91247267922b84,06d73cb0c7df49e412aa6613ed0fc6c7aadde3ef9ef7e87a4d637084a9edead9,mojibake,train:116399,train,1,1,1
train,134698,f4b2c171ab7116112f612eb25278556053263da3f866cb3a4b6cc00746012ea4,6c5492fc4909f53faa4225df0b3f19e6ddc773413e82874bcbf02f844cd4bce2,mojibake,train:116411,train,1,1,1
train,134703,76676f594fd0765386ae945c3c4ed841d614bc5c8846b46a24f3a53e38d5c37c,e8c1470c1d0b67ad30d9672b0603a45e7d002d6ce47e15f3690ae2addeae69d0,mojibake,train:116418,train,1,1,1
train,134713,e529e32d66decbf81b16d46a5fd9ee6db32b798769c4ff7f630e54e7539e1276,86021489408a72baa12ef382f6ce187b7472a0ded2a0c95db0019b821c84cd68,mojibake,train:116435,train,1,1,1
train,134757,03b55785a9a548e80c8a0be8d79c375e78f6a861a02af931d7b4d4f0f5da65f4,ed77251eb219856c13de8aa4926e102eb317317b60444d29f4a24425d842b200,mojibake,train:116538,train,1,1,1
train,134798,a88666176cad6ca6a9c4bd386719dc146fbb829ee02f5096b50084fbbef9076b,2950f22e4104c2b74eec3ca0e36e0a5aa03fa925c896a71f477a128b1a57b8fe,empty_layout,train:116599,train,1,1,1
train,134904,33495ffee4059af3d7573bff4f096941ebb261416500d4006fa1fa99285057cc,a5b6019737850b1bd2829eee43b1f08bb656393a7e3683bde58f6b623580d0dd,mojibake,train:116726,train,1,1,1
train,134911,0ac28b9a635f63e6943646df19ab3185cb6734bd1a754797f4d14709febc1073,46ba2d636cd266f7dad883a51ac6447300d629673a1d0b5f997d63ab194af158,mojibake,train:116734,train,1,1,1
train,134916,ac375181bcc9bb2f1eed6275f6bc476840c38d5aa2f58e3f1d113ac5ed238852,4ea4803fa0028d179cb6bd1af9a529dd91a5fd44013637e652d7b255932315fd,mojibake,train:116747,train,1,1,1
train,134924,8f186f8115bba715f63246fb11f6189a01cef27aeab3ebe105c8695bdb9ae8c9,646ecf240d74fe183fd1af7922f91c26931840ba15c0327cd59c352a473b73e2,mojibake,train:116756,train,1,1,1
train,135020,8b988675b6349878fcacccfb5736ebc10beb6a00f4158b40936a165a86283784,cc31fe3be0a3fee551142b0b511ed979ff13ededefca3b10dceb4c07dd1c4eda,mojibake,train:116874,train,1,1,1
train,135084,213c0bb92c05ba32d5f98b43c23726c41b07435bb2e6acbf60634a8e6d27a154,871b6178fa26238ad1110e9c096a5ce5186ea4932bb84d7c3663b520dc6ac297,empty_layout|low_lexical|missing_numeric,train:116971,train,1,1,1
