source_sha256,rows,raw_target_variants,semantic_variants,coordinates,preview
1a7c8f5e056f685866b7d9317a9c36cabfb3e4b41766d356c0cb820eaa8f0721,3,3,3,train:11162;train:45960;train:47130,"## London Kitchen Renovation Overview Media: Icon=[ICON_URL_1] This schedule outlines an accelerated 11-day remodel for a 100sqm London residence starting **November 1, 2024**. The"
645eda51fe2033aeddefed11fcd51be1841ba4c16ab4eee0a987c4e076e6ee6e,3,3,3,train:14995;train:23548;train:44867,"## Kitchen Renovation Progress Snapshot Media: Icon=[ICON_URL_1] - **Overall Completion**: 57% of milestones reached. - **Financial Standing**: $7,500 spent of $10,000 total budget"
cb07028fe34e2a210db1db0228c34a8108bfa874f07df034bae8dc9262ec97b3,3,3,3,train:17695;train:51711;train:59607,## Hybrid Work Framework: Berlin Headquarters Media: Icon=[ICON_URL_1] This policy establishes the guidelines for remote and hybrid work arrangements to ensure operational consiste
85bf80e6313b89df50c6d681149ad584769be4493eae757723101641ea7d9f0e,3,3,3,train:22035;train:40743;train:51968,"## London Family Stay Overview For a family of four prioritizing museum access, the primary trade-off is between the premium cost of a central luxury stay and the commute time of a"
e7624d9c0e635d3a57e6fbc5fb7dc8140ad549ad3df612546088ed9142f66b15,3,3,3,train:26249;train:34026;train:80182,"## Berlin Mitte Market Entry Media: Icon=[ICON_URL_1] This venture targets the high-density, affluent demographic of Berlin Mitte, positioning itself as a sustainable, artisanal al"
ec8fd2374be13c0897096b7701c743f994ad38001f3636dedacb6aa296806d2f,3,3,3,train:265;train:16442;train:58484,"## Monthly Budget Snapshot Media: Icon=[ICON_URL_1] - Monthly Disposable Income: **$4,000** - Fixed Cost Percentage: **45%** - Targeted Savings Rate: **25%** Formula: $M = I - (F +"
351e4bf97f84ce68e078e5f5b041f81415c0e97029e16250072a957d0ec226c2,3,3,3,train:32485;train:69673;train:86937,## Bass-Boosted Audio Configuration Media: Icon=[ICON_URL_1] This profile enhances low-end impact while reducing mid-range muddiness to ensure the bass remains punchy and the vocal
2decbc1fabf80dce7a78b679ebadabc2f1bb498ff5276dc732dad6383cf26bd4,3,3,3,train:350;train:33045;train:58011,## Post-Operative Recovery Snapshot (Age 45) Media: Icon=[ICON_URL_1] The patient is demonstrating a consistent and positive recovery trajectory. There is a clear inverse correlati
ea16861784586621b39220085cb93ade06a4cb7d4771e25306431f77950ada8e,3,3,3,train:40236;train:53621;train:58128,## Rotational Queue Design Media: Icon=[ICON_URL_1] This playback strategy distributes 45 total tracks across 5 rotation cycles. The sequence prioritizes a steady transition from l
be7178e1ad7af016aa4399ccc7ae98d46c44e31151323a81cbf1eddbb2282458,3,3,3,train:43171;train:46428;train:86834,## Semester GPA Result Media: Icon=[ICON_URL_1] - Final Weighted GPA: **3.57** - Total Credits: **13** - Total Grade Points: **46.4** ## Weighted Grade Breakdown Formula: $\text{GP
548bb449c991e3714b1259c30da4e788a27890474f864db82e1872d4f4d61561,3,3,3,train:49885;train:53615;train:69849,"Monthly Spend: **$2,800** 6-Month Goal: **$16,800** 12-Month Goal: **$33,600** ## Monthly Budget Snapshot Media: Icon=[ICON_URL_1] Your current monthly overhead is $2,800, with hou"
43be2aee85100531a711b6b9e8e312314cbdeda2d5ca4575ae2786388799c9f6,3,3,3,train:5012;train:9359;train:45809,"## 4K Editing Hardware Overview Selecting a workstation for 4K video editing requires a balance of multi-core processing power, high memory bandwidth, and GPU acceleration to handl"
9ed6e0117bec7d734ae970cfae15e59f18688c9621cc7e5f765c38e5a708eec3,3,3,3,train:5724;train:56655;train:73031,"## Website Launch Schedule Overview Media: Icon=[ICON_URL_1] The project timeline spans from **October 15** to **December 1, 2024**. To ensure the hard deadline is met, the Content"
d698adc23bbda5d91c0272cfdbb971a09f235d550cce77c150ef889a52e56831,3,3,3,val:711;val:793;val:1552,## Solar-Powered Irrigation System Overview Media: Icon=[ICON_URL_1] This automated system leverages renewable energy to maintain optimal soil hydration. It integrates a high-effic
80f4189f7a3062cceed20b8213b8e76808a817e0d682966b057c18e941487cf8,2,2,2,train:10017;train:74976,## Python Foundations: 4-Week Crash Course Media: Icon=[ICON_URL_1] This intensive syllabus is designed to take a complete novice to a functional level of Python proficiency. The c
fea64eeb6b4764bf6272abd94c395013095c6557a5cf7a825ca34285af05b382,2,2,2,train:10034;train:18485,## Dietary Intervention Overview Media: Icon=[ICON_URL_1] This analysis evaluates two distinct nutritional approaches—Ketogenic and Mediterranean—based on participant outcomes over
6bbfbbb8066f75c161b0a33967245d9aec4658ac4ea354659073861e90cefbd0,2,2,2,train:10060;train:51109,## Berlin Mitte Rental Analysis Media: Icon=[ICON_URL_1] Finding a 2-bedroom apartment in Berlin Mitte requires balancing high demand with strict budget constraints. For a professi
338dce84cdff3c27624c2959d9cc54ac9af2c3c514680a706f907c6f32ede509,2,2,2,train:1006;train:20283,"## NYC Emergency Fund Overview Media: Icon=[ICON_URL_1] - Monthly Expenditures: **$3,200** - Monthly Savings Capacity: **$500** - Ultimate 6-Month Target: **$19,200** ## Savings Mi"
d6835131038653db42bd93792237fc6ab1fd9fb19c6e0ed02afd85b412344daa,2,2,2,train:10091;train:71478,"# Toronto Home Affordability Analysis Media: Icon=[ICON_URL_1] Max Purchase Price: **$758,581** Max Monthly Housing Budget: **$4,500** Maximum Loan Principal: **$658,581** ## Purch"
f4a8a281f4d71ea534bf2d316a991ff2344ed12975d3b079f127f35108e5101a,2,2,2,train:10105;train:53801,"## Data Science Curriculum Analysis Media: Icon=[ICON_URL_1] Course X is designed as a data-centric track, focusing on the libraries required for numerical analysis. Course Y is a "
d12f0d6c9a5a3940b822ad245f3cd403c154760e309b79f3f95e3dbfcec5b22d,2,2,2,train:10156;train:68295,## Portfolio Performance Overview Media: Icon=[ICON_URL_1] - Total Investment: **450** - Current Portfolio Value: **480** - Total Net Profit: **+30** ## Investment Breakdown & Calc
c5b634f9ad90b7204178d491d0a918da358f70861714349e07e65138e2a2c3f6,2,2,2,train:10299;train:77038,## Mumbai Finance Career Trajectory Media: Icon=[ICON_URL_1] This roadmap outlines the transition from a Junior Accountant to a Senior Controller within the Mumbai financial hub. T
d364476ae84637a45c80292ac9863d4abe78f3e1011bd6e6556a72a0f21d64bf,2,2,2,train:10306;train:42252,## CPA Exam Sprint Overview Media: Icon=[ICON_URL_1] This high-intensity 4-week plan is designed to cover the four core CPA modules leading up to your November 15 exam. With a tota
d9bb7b313a782f93324a8e8013f13aeb8a6ff7f08d815a9f1002aa9b28482c40,2,2,2,train:1030;train:21550,# ShipCalc API Integration Overview Media: Icon=[ICON_URL_1] The ShipCalc endpoint provides real-time shipping cost estimations based on package physical attributes and geographic 
c155045a92049734cc77ecc810c789d209fbfb39cb2e5b710265669835ec7bd9,2,2,2,train:10393;train:80089,"# Ubud Wellness Retreat Selection For a couple prioritizing wellness and luxury within a $160 nightly budget, the selection focuses on maximizing amenities that support relaxation "
