response_id,query_id,title,provider,source_provider,asset_title,query,url,local_path,bytes,license,landing_url,exists
r_000001_01,q_000001,Rome's Ancient Wonders: A Family Guide,Wikimedia Commons,Wikimedia Commons,File:Colosseum-Rome-May-2009.jpg,,https://upload.wikimedia.org/wikipedia/commons/thumb/4/4d/Colosseum-Rome-May-2009.jpg/1280px-Colosseum-Rome-May-2009.jpg,assets\r_000001_01_1_colosseum.jpg,2196090,,,True
r_000001_01,q_000001,Rome's Ancient Wonders: A Family Guide,Wikimedia Commons,Wikimedia Commons,File:IT3 01 02 Entrance Forum Romanum-Rome Ruins small.jpg,,https://upload.wikimedia.org/wikipedia/commons/thumb/1/1a/IT3_01_02_Entrance_Forum_Romanum-Rome_Ruins_small.jpg/1280px-IT3_01_02_Entrance_Forum_Romanum-Rome_Ruins_small.jpg,assets\r_000001_01_2_800.jpg,4332420,,,True
r_000001_01,q_000001,Rome's Ancient Wonders: A Family Guide,Wikimedia Commons,Wikimedia Commons,File:Dome of Pantheon (Rome).jpg,,https://upload.wikimedia.org/wikipedia/commons/thumb/0/06/Dome_of_Pantheon_%28Rome%29.jpg/1280px-Dome_of_Pantheon_%28Rome%29.jpg,assets\r_000001_01_3_pantheon_oculus.jpg,191946,,,True
r_000001_01,q_000001,Rome's Ancient Wonders: A Family Guide,Wikimedia Commons,Wikimedia Commons,File:Angel with fish in the fountain of Neptune in Piazza Navona in Rome.jpg,,https://upload.wikimedia.org/wikipedia/commons/thumb/8/8c/Angel_with_fish_in_the_fountain_of_Neptune_in_Piazza_Navona_in_Rome.jpg/1280px-Angel_with_fish_in_the_fountain_of_Neptune_in_Piazza_Navona_in_Rome.jpg,assets\r_000001_01_9_800.jpg,280415,,,True
r_000001_01,q_000001,Rome's Ancient Wonders: A Family Guide,Wikimedia Commons,Wikimedia Commons,"File:Amanita lividopallescens, Villa Borghese Gardens, Rome.jpg",,https://upload.wikimedia.org/wikipedia/commons/thumb/9/94/Amanita_lividopallescens%2C_Villa_Borghese_Gardens%2C_Rome.jpg/1280px-Amanita_lividopallescens%2C_Villa_Borghese_Gardens%2C_Rome.jpg,assets\r_000001_01_10_800.jpg,504256,,,True
r_000002_01,q_000002,Quarterly Drink Sales Performance,Wikimedia Commons,Wikimedia Commons,File:2019 02 Awesome Coffee Shop in Korat.jpg,,https://upload.wikimedia.org/wikipedia/commons/thumb/3/3f/2019_02_Awesome_Coffee_Shop_in_Korat.jpg/1280px-2019_02_Awesome_Coffee_Shop_in_Korat.jpg,assets\r_000002_01_1_coffeeshop_interior.jpg,75692,,,True
r_000002_01,q_000002,Quarterly Drink Sales Performance,Wikimedia Commons,Wikimedia Commons,File:A young man holding a glass of iced coffee at home at sundown. Happy hour non-alcoholic beverage.jpg,,https://upload.wikimedia.org/wikipedia/commons/thumb/a/a3/A_young_man_holding_a_glass_of_iced_coffee_at_home_at_sundown._Happy_hour_non-alcoholic_beverage.jpg/1280px-A_young_man_holding_a_glass_of_iced_coffee_at_home_at_sundown._Happy_hour_non-alcoholic_beverage.jpg,assets\r_000002_01_3_icedcoffee.jpg,97423,,,True
r_000002_01,q_000002,Quarterly Drink Sales Performance,Wikimedia Commons,Wikimedia Commons,File:A cup of cappuccino at Indooroopilly Shopping Centre.JPG,,https://upload.wikimedia.org/wikipedia/commons/thumb/8/83/A_cup_of_cappuccino_at_Indooroopilly_Shopping_Centre.JPG/1280px-A_cup_of_cappuccino_at_Indooroopilly_Shopping_Centre.JPG,assets\r_000002_01_5_cappuccino.jpg,94918,,,True
r_000003_01,q_000003,Cooperative Games for Your Next Game Night,Openverse,flickr,Game Night,board game night table pieces,https://live.staticflickr.com/5137/5587755102_289b3ebb88_b.jpg,assets\r_000003_01_01_cooperative_board_game_table.jpg,150547,by,https://www.flickr.com/photos/hanumann/5587755102,True
r_000003_01,q_000003,Cooperative Games for Your Next Game Night,Wikimedia Commons,Wikimedia Commons,File:Chess game Staunton No. 6.jpg,,https://upload.wikimedia.org/wikipedia/commons/thumb/f/f0/Chess_game_Staunton_No._6.jpg/1280px-Chess_game_Staunton_No._6.jpg,assets\r_000003_01_2_spirit-island-board-game.jpg,184065,,,True
r_000003_01,q_000003,Cooperative Games for Your Next Game Night,Openverse,flickr,Sorry board game on table,board game night table pieces,https://live.staticflickr.com/5172/5463789169_ce0003c645_b.jpg,assets\r_000003_01_02_card_game_table.jpg,245241,by,https://www.flickr.com/photos/mhw/5463789169,True
r_000004_01,q_000004,Cyberpunk Noir: A Reading Playlist,Openverse,flickr,NeonWave Streets (Hochelega Montreal),cyberpunk noir city night,https://live.staticflickr.com/65535/50609598032_06d0a739ee_b.jpg,assets\r_000004_01_01_cyberpunk_noir_city_night.jpg,406852,by,https://www.flickr.com/photos/149819905@N03/50609598032,True
r_000005_01,q_000005,Recommended Laptop for Graphic Design Students,Openverse,flickr,"iPhone, Macbook and Lenovo laptop",Lenovo laptop workstation,https://live.staticflickr.com/666/20706224091_9358c6bfcf_b.jpg,assets\r_000005_01_01_lenovo_laptop_workstation.jpg,108751,cc0,https://www.flickr.com/photos/8638355@N06/20706224091,True
r_000005_01,q_000005,Recommended Laptop for Graphic Design Students,Openverse,flickr,Graphic and digital design workspace,graphic designer laptop desk,https://live.staticflickr.com/8035/8043446839_ee8c09f978_b.jpg,assets\r_000005_01_02_graphic_design_desk.jpg,59227,by,https://www.flickr.com/photos/ufv/8043446839,True
r_000006_01,q_000006,Choosing Your Ideal Coffee Maker for Quick Mornings,Openverse,flickr,Slow-drip coffee maker,drip coffee maker,https://live.staticflickr.com/4028/4433083135_364ea79a11_b.jpg,assets\r_000006_01_01_drip_coffee_maker.jpg,156581,by-sa,https://www.flickr.com/photos/44124427152@N01/4433083135,True
r_000006_01,q_000006,Choosing Your Ideal Coffee Maker for Quick Mornings,Openverse,flickr,"Artistic Coffee from French Press Coffee in Santa Barbara, CA",French press coffee,https://live.staticflickr.com/8160/7663486588_80dccd3ed4_b.jpg,assets\r_000006_01_02_french_press_coffee.jpg,105332,by,https://www.flickr.com/photos/80135679@N02/7663486588,True
r_000006_01,q_000006,Choosing Your Ideal Coffee Maker for Quick Mornings,Openverse,flickr,Espresso Coffee Machine - Brother Baba Budan,single serve coffee machine,https://live.staticflickr.com/3382/3224681540_bbe1c585d8_b.jpg,assets\r_000006_01_03_single_serve_coffee_machine.jpg,147789,by-sa,https://www.flickr.com/photos/10559879@N00/3224681540,True
r_000007_01,q_000007,Top Hotel Pick for Your Kyoto Stay,TravelAPI hotel media,TravelAPI,Sakura Inn Kyoto hotel photo,,https://i.travelapi.com/lodging/25000000/24910000/24907000/24906916/82ccd7f8_z.jpg,assets\r_000007_01_sakura_inn.jpg,46788,,,True
r_000007_01,q_000007,Top Hotel Pick for Your Kyoto Stay,Gion Fukuzumi hotel site,Gion Fukuzumi,Gion Fukuzumi room photo,,https://www.gion-fukuzumi.com/wp-content/themes/gion_fukuzumi/common/images/english/img_room01.jpg,assets\r_000007_01_gion_ryokan.jpg,20055,,,True
r_000007_01,q_000007,Top Hotel Pick for Your Kyoto Stay,Wikimedia Commons,Wikimedia Commons,New Otani Hotel photo,,https://upload.wikimedia.org/wikipedia/commons/1/18/Newotanihotel.jpg,assets\r_000007_01_kyoto_grand.jpg,61471,,,True
r_000008_01,q_000008,Your Transatlantic Multi-City Flight Plan,Openverse,flickr,Planes at Logan Airport - Constitution Beach - East Boston - 2014-06-01,commercial airplane airport runway,https://live.staticflickr.com/2918/14346804576_1d0700a9f1_b.jpg,assets\r_000008_01_01_commercial_airplane_airport_runway.jpg,177827,by,https://www.flickr.com/photos/57325827@N00/14346804576,True
r_000009_01,q_000009,Rome vs Lisbon: October Climate Pick,Wikimedia Commons,Wikimedia Commons,"File:Cloudflare and EY Office Complex – Modern Architecture in Alcântara, Lisbon (54708346011).jpg",,https://upload.wikimedia.org/wikipedia/commons/thumb/e/e2/Cloudflare_and_EY_Office_Complex_%E2%80%93_Modern_Architecture_in_Alc%C3%A2ntara%2C_Lisbon_%2854708346011%29.jpg/1280px-Cloudflare_and_EY_Office_Complex_%E2%80%93_Modern_Architecture_in_Alc%C3%A2ntara%2C_Lisbon_%2854708346011%29.jpg,assets\r_000009_01_lisbon_skyline.jpg,303515,,,True
r_000009_01,q_000009,Rome vs Lisbon: October Climate Pick,Wikimedia Commons,Wikimedia Commons,"File:Drawing, St. Peter's Basilica Seen from the North against the Hills and Skyline of Rome, January 1869 (CH 18195387).jpg",,https://upload.wikimedia.org/wikipedia/commons/thumb/b/ba/Drawing%2C_St._Peter%27s_Basilica_Seen_from_the_North_against_the_Hills_and_Skyline_of_Rome%2C_January_1869_%28CH_18195387%29.jpg/1280px-Drawing%2C_St._Peter%27s_Basilica_Seen_from_the_North_against_the_Hills_and_Skyline_of_Rome%2C_January_1869_%28CH_18195387%29.jpg,assets\r_000009_01_rome_skyline.jpg,293960,,,True
r_000010_01,q_000010,Melbourne 3-Day Walking Forecast & Attire Guide,Openverse,flickr,Melbourne CBD and Yarra River,Melbourne Australia skyline Yarra River,https://live.staticflickr.com/3350/3254818064_abd0676b80_b.jpg,assets\r_000010_01_01_melbourne_cloudy_skyline.jpg,193870,by,https://www.flickr.com/photos/avlxyz/3254818064,True
r_000010_01,q_000010,Melbourne 3-Day Walking Forecast & Attire Guide,Openverse,flickr,Enjoying the sun - Federation Square Connex BBQ,Melbourne Sunny,https://live.staticflickr.com/3047/2309290869_6cf7319656_b.jpg,assets\r_000010_01_01_melbourne_sunny.jpg,254098,by-sa,https://www.flickr.com/photos/10559879@N00/2309290869,True
r_000010_01,q_000010,Melbourne 3-Day Walking Forecast & Attire Guide,Wikimedia Commons,Wikimedia Commons,"File:Former Russell Street Police Headquarters (Deco Tower) at night in rain, Melbourne.jpg",,https://upload.wikimedia.org/wikipedia/commons/thumb/c/c2/Former_Russell_Street_Police_Headquarters_%28Deco_Tower%29_at_night_in_rain%2C_Melbourne.jpg/1280px-Former_Russell_Street_Police_Headquarters_%28Deco_Tower%29_at_night_in_rain%2C_Melbourne.jpg,assets\r_000010_01_3_melbourne_rain.jpg,365290,,,True
r_000011_01,q_000011,Q1 2023 Revenue Visualization,Openverse,flickr,20130618-RD-LSC-0329,financial chart computer monitor,https://live.staticflickr.com/7357/9404363099_f6214a8880_b.jpg,assets\r_000011_01_01_financial_chart_computer_monitor.jpg,175732,pdm,https://www.flickr.com/photos/41284017@N08/9404363099,True
r_000012_01,q_000012,"Project Performance Dashboard: Nov 6-10, 2023",Openverse,stocksnap,Analytics dashboard on screen,analytics dashboard computer,https://cdn.stocksnap.io/img-thumbs/960w/9699Y6WKLD.jpg,assets\r_000012_01_01_business_analytics_dashboard.jpg,387866,cc0,https://stocksnap.io/photo/seo-ppc-9699Y6WKLD,True
r_000012_01,q_000012,"Project Performance Dashboard: Nov 6-10, 2023",Wikimedia Commons,Wikimedia Commons,File:Illustration from the book Sappelen by Mark Ramen; Dashboard.jpg,,https://upload.wikimedia.org/wikipedia/commons/thumb/e/e7/Illustration_from_the_book_Sappelen_by_Mark_Ramen%3B_Dashboard.jpg/1280px-Illustration_from_the_book_Sappelen_by_Mark_Ramen%3B_Dashboard.jpg,assets\r_000012_01_2_charts.jpg,477472,,,True
r_000013_01,q_000013,Paris Family Adventure: A 5-Day Itinerary,Wikimedia Commons,Wikimedia Commons,"File:Cour Carrée, Louvre Museum, 2 April 2009.jpg",,https://upload.wikimedia.org/wikipedia/commons/thumb/8/8c/Cour_Carr%C3%A9e%2C_Louvre_Museum%2C_2_April_2009.jpg/1280px-Cour_Carr%C3%A9e%2C_Louvre_Museum%2C_2_April_2009.jpg,assets\r_000013_01_louvre_museum.jpg,198483,,,True
r_000014_01,q_000014,Handmade Candle Business Launch Plan,Wikimedia Commons,Wikimedia Commons,File:Handmade Pillar Candles 01.jpeg,,https://upload.wikimedia.org/wikipedia/commons/thumb/1/15/Handmade_Pillar_Candles_01.jpeg/1280px-Handmade_Pillar_Candles_01.jpeg,assets\r_000014_01_handmade_candles.jpg,152121,,,True
r_000015_01,q_000015,Project Plan: New Company Blog Launch,Openverse,flickr,Blogging?,blog writing laptop desk,https://live.staticflickr.com/4007/4263193267_fb5cee0c57.jpg,assets\r_000015_01_01_blog_writing_laptop_desk.jpg,30300,by,https://www.flickr.com/photos/37053322@N00/4263193267,True
r_000016_01,q_000016,Shared Team Availability: Sep 9-13,Openverse,flickr,Timetable - IMG_0771,weekly calendar planning,https://live.staticflickr.com/5574/14835895796_ac2a688942_b.jpg,assets\r_000016_01_01_weekly_calendar_planning.jpg,210967,by,https://www.flickr.com/photos/15216811@N06/14835895796,True
r_000017_01,q_000017,Classic No-Chill Chocolate Chip Cookies,Wikimedia Commons,Wikimedia Commons,Chocolate chip cookies,,https://commons.wikimedia.org/wiki/Special:FilePath/Chocolate_Chip_Cookies_-_kimberlykv.jpg,assets\r_000017_01_1_Chocolate_Chip_Cookies_-_kimberlykv.jpg,3465602,,,True
r_000018_01,q_000018,Hearty Vegan & Gluten-Free Shepherd's Pie,Wikimedia Commons,Wikimedia Commons,File:Granville Island Market - Shepherds pie.jpg,,https://upload.wikimedia.org/wikipedia/commons/thumb/f/ff/Granville_Island_Market_-_Shepherds_pie.jpg/1280px-Granville_Island_Market_-_Shepherds_pie.jpg,assets\r_000018_01_shepherds_pie.jpg,309549,,,True
r_000019_01,q_000019,Hotel Options Near Liverpool Street Station,Wikimedia Commons,Wikimedia Commons,"File:Liverpool Street station, London, England-26Feb2011.jpg",,https://upload.wikimedia.org/wikipedia/commons/thumb/7/70/Liverpool_Street_station%2C_London%2C_England-26Feb2011.jpg/1280px-Liverpool_Street_station%2C_London%2C_England-26Feb2011.jpg,assets\r_000019_01_liverpool_street_station.jpg,433751,,,True
r_000020_01,q_000020,Kyoto Itinerary: A Day in Historic Higashiyama,Wikimedia Commons,Wikimedia Commons,"File:A view of Gion corner in Geisha district, Kyoto, Japan.jpg",,https://upload.wikimedia.org/wikipedia/commons/thumb/8/86/A_view_of_Gion_corner_in_Geisha_district%2C_Kyoto%2C_Japan.jpg/1280px-A_view_of_Gion_corner_in_Geisha_district%2C_Kyoto%2C_Japan.jpg,assets\r_000020_01_gion_kyoto.jpg,252154,,,True
r_000021_01,q_000021,Troubleshooting Your Nighthawk R7000 Connection,Openverse,flickr,"home network, cable, linksys, voip, motorola",wireless router home,https://live.staticflickr.com/3182/2562812342_40f959026d_b.jpg,assets\r_000021_01_01_wireless_router_home.jpg,117600,by-sa,https://www.flickr.com/photos/8764442@N07/2562812342,True
r_000022_01,q_000022,Resolving DaVinci Resolve Instability in the Fusion Page,Openverse,flickr,The Editing Desk,video editing workstation,https://live.staticflickr.com/2813/13237194984_3804b47b67_b.jpg,assets\r_000022_01_01_video_editing_workstation.jpg,133055,by,https://www.flickr.com/photos/35402601@N08/13237194984,True
r_000023_01,q_000023,Follow-Up Email Draft: Senior Data Analyst,Openverse,flickr,Michael Gartenberg quote,professional email laptop,https://live.staticflickr.com/4014/4340184611_a5cce07433_b.jpg,assets\r_000023_01_01_professional_email_laptop.jpg,260560,by-sa,https://www.flickr.com/photos/67332546@N00/4340184611,True
r_000024_01,q_000024,Aura Band: Tune Into Your Inner State,Wikimedia Commons,Wikimedia Commons,File:Fitbit Alta HR landscape.jpg,,https://upload.wikimedia.org/wikipedia/commons/thumb/5/50/Fitbit_Alta_HR_landscape.jpg/1280px-Fitbit_Alta_HR_landscape.jpg,assets\r_000024_01_wearable_band.jpg,117013,,,True
r_000025_01,q_000025,AI Forward 2024: October 25th Schedule,Wikimedia Commons,Wikimedia Commons,File:Brain Bar 2023 audience 1.jpg,,https://upload.wikimedia.org/wikipedia/commons/thumb/c/cb/Brain_Bar_2023_audience_1.jpg/1280px-Brain_Bar_2023_audience_1.jpg,assets\r_000025_01_1_conference.jpg,132814,,,True
r_000025_01,q_000025,AI Forward 2024: October 25th Schedule,Openverse,flickr,Robotic Parenting,conference robot technology,https://live.staticflickr.com/222/483475990_9240dccb82_b.jpg,assets\r_000025_01_01_conference_robot_technology.jpg,166045,by,https://www.flickr.com/photos/44124348109@N01/483475990,True
r_000025_01,q_000025,AI Forward 2024: October 25th Schedule,Wikimedia Commons,Wikimedia Commons,File:Fiammetta Diani keynote (20892645654).jpg,,https://upload.wikimedia.org/wikipedia/commons/thumb/9/91/Fiammetta_Diani_keynote_%2820892645654%29.jpg/1280px-Fiammetta_Diani_keynote_%2820892645654%29.jpg,assets\r_000025_01_3_business.jpg,137208,,,True
r_000026_01,q_000026,Your Personal Ethereal Beats Festival Itinerary,Openverse,flickr,Stage lighting : Side Spot Light,music festival stage lights,https://live.staticflickr.com/3733/9481014999_e561c50518_b.jpg,assets\r_000026_01_01_music_festival_stage_lights.jpg,98836,by,https://www.flickr.com/photos/11250735@N07/9481014999,True
r_000026_01,q_000026,Your Personal Ethereal Beats Festival Itinerary,Wikimedia Commons,Wikimedia Commons,File:Crowd Outlaw Music Festival Tour BankNH Pavilion 108 Kimball Road Gilford NH August 2025 01.jpg,,https://upload.wikimedia.org/wikipedia/commons/thumb/9/96/Crowd_Outlaw_Music_Festival_Tour_BankNH_Pavilion_108_Kimball_Road_Gilford_NH_August_2025_01.jpg/1280px-Crowd_Outlaw_Music_Festival_Tour_BankNH_Pavilion_108_Kimball_Road_Gilford_NH_August_2025_01.jpg,assets\r_000026_01_2_music_festival_crowd.jpg,438108,,,True
r_000026_01,q_000026,Your Personal Ethereal Beats Festival Itinerary,Openverse,flickr,DSC_0110,concert lights crowd,https://live.staticflickr.com/5143/5636324568_1bcb4bf733_b.jpg,assets\r_000026_01_02_concert_lights_crowd.jpg,133369,by-sa,https://www.flickr.com/photos/42757699@N04/5636324568,True
r_000027_01,q_000027,Social Media Preferences by Age: Survey Analysis,Openverse,flickr,20110315-NodeXL-Twitter-#analytics,social media analytics chart,https://live.staticflickr.com/5137/5529960692_605ff196bd_b.jpg,assets\r_000027_01_01_social_media_analytics_chart.jpg,168714,by,https://www.flickr.com/photos/49503165485@N01/5529960692,True
r_000028_01,q_000028,Analysis of Li-Ion Battery Degradation Research,Openverse,flickr,Army scientists energize battery research,battery research laboratory,https://live.staticflickr.com/7236/7222825892_e39ff654ff_b.jpg,assets\r_000028_01_01_battery_research_laboratory.jpg,158355,by-sa,https://www.flickr.com/photos/34402227@N03/7222825892,True
r_000028_01,q_000028,Analysis of Li-Ion Battery Degradation Research,Wikimedia Commons,Wikimedia Commons,File:The laboratory of the Manufacturing Chemist A. G. Hanckwitz Wellcome L0012718.jpg,,https://upload.wikimedia.org/wikipedia/commons/7/79/The_laboratory_of_the_Manufacturing_Chemist_A._G._Hanckwitz_Wellcome_L0012718.jpg,assets\r_000028_01_2_chemistry_diagram.jpg,908411,,,True
r_000029_01,q_000029,iPhone 13 Pro vs. Pixel 6 Pro: A Head-to-Head Comparison,Wikimedia Commons,Wikimedia Commons,File:Apple iPhone 13 Pro and 13 Pro Max.jpg,,https://upload.wikimedia.org/wikipedia/commons/thumb/b/b5/Apple_iPhone_13_Pro_and_13_Pro_Max.jpg/1280px-Apple_iPhone_13_Pro_and_13_Pro_Max.jpg,assets\r_000029_01_iphone_13_pro.jpg,155903,,,True
r_000030_01,q_000030,Value vs. Growth Investing: A Strategic Breakdown,Wikimedia Commons,Wikimedia Commons,File:Market data on display at Taiwan Stock Exchange 20210208.jpg,,https://upload.wikimedia.org/wikipedia/commons/thumb/3/34/Market_data_on_display_at_Taiwan_Stock_Exchange_20210208.jpg/1280px-Market_data_on_display_at_Taiwan_Stock_Exchange_20210208.jpg,assets\r_000030_01_1_magnifying_glass_stock_market.jpg,340417,,,True
r_000030_01,q_000030,Value vs. Growth Investing: A Strategic Breakdown,Openverse,flickr,Net closing in on missing Stein Bagger millions...,growth investing chart,https://live.staticflickr.com/4094/4894548324_0aca096778_b.jpg,assets\r_000030_01_01_growth_investing_chart.jpg,212925,by,https://www.flickr.com/photos/91198056@N00/4894548324,True
r_000031_01,q_000031,Mortgage Payment Summary,Openverse,flickr,Rage Digital - iRealty App,mortgage calculator,https://live.staticflickr.com/2782/4491013838_1304f82dc2_b.jpg,assets\r_000031_01_01_mortgage_calculator.jpg,75094,by,https://www.flickr.com/photos/24231889@N02/4491013838,True
r_000032_01,q_000032,Project Timeline and Critical Path Analysis,Wikimedia Commons,Wikimedia Commons,File:GanttPRO Gantt Chart Software.png,,https://upload.wikimedia.org/wikipedia/commons/thumb/d/dd/GanttPRO_Gantt_Chart_Software.png/1280px-GanttPRO_Gantt_Chart_Software.png,assets\r_000032_01_1_ganttchart.jpg,175167,,,True
r_000032_01,q_000032,Project Timeline and Critical Path Analysis,Wikimedia Commons,Wikimedia Commons,File:Construction foundation.jpg,,https://upload.wikimedia.org/wikipedia/commons/thumb/5/50/Construction_foundation.jpg/1280px-Construction_foundation.jpg,assets\r_000032_01_2_construction_foundation.jpg,293587,,,True
r_000032_01,q_000032,Project Timeline and Critical Path Analysis,Openverse,flickr,"Sumner Ferry construction, frames",construction framing,https://live.staticflickr.com/8324/8122671541_8388b93af0_b.jpg,assets\r_000032_01_01_construction_framing.jpg,231336,by,https://www.flickr.com/photos/48039697@N05/8122671541,True
r_000033_01,q_000033,Flight Selection Context,Wikimedia Commons,Wikimedia Commons,File:C-47 AIRPLANE DEPARTURE WITH EDWARDS AIR FORCE BASE CALIFORNIA PILOTS AND HANGAR CREW - NARA - 17442055.jpg,,https://upload.wikimedia.org/wikipedia/commons/thumb/1/17/C-47_AIRPLANE_DEPARTURE_WITH_EDWARDS_AIR_FORCE_BASE_CALIFORNIA_PILOTS_AND_HANGAR_CREW_-_NARA_-_17442055.jpg/1280px-C-47_AIRPLANE_DEPARTURE_WITH_EDWARDS_AIR_FORCE_BASE_CALIFORNIA_PILOTS_AND_HANGAR_CREW_-_NARA_-_17442055.jpg,assets\r_000033_01_flight_departure.jpg,274795,,,True
r_000034_01,q_000034,"Kyoto Family Itinerary: November 5-9, 2024",Wikimedia Commons,Wikimedia Commons,File:Four ladies wearing a yukata in front of the North Gate of Kiyomizu-dera temple Kyoto Japan.jpg,,https://upload.wikimedia.org/wikipedia/commons/thumb/d/d8/Four_ladies_wearing_a_yukata_in_front_of_the_North_Gate_of_Kiyomizu-dera_temple_Kyoto_Japan.jpg/1280px-Four_ladies_wearing_a_yukata_in_front_of_the_North_Gate_of_Kiyomizu-dera_temple_Kyoto_Japan.jpg,assets\r_000034_01_kiyomizu_dera_temple.jpg,472610,,,True
r_000035_01,q_000035,Eiffel Tower to Louvre: Travel Options,Wikimedia Commons,Wikimedia Commons,File:Eiffel Tower and Pont Alexandre III at night.jpg,,https://upload.wikimedia.org/wikipedia/commons/thumb/d/de/Eiffel_Tower_and_Pont_Alexandre_III_at_night.jpg/1280px-Eiffel_Tower_and_Pont_Alexandre_III_at_night.jpg,assets\r_000013_01_1_eiffel-tower_paris.jpg,186121,,,True
r_000035_01,q_000035,Eiffel Tower to Louvre: Travel Options,Wikimedia Commons,Wikimedia Commons,"File:Cour Carrée, Louvre Museum, 2 April 2009.jpg",,https://upload.wikimedia.org/wikipedia/commons/thumb/8/8c/Cour_Carr%C3%A9e%2C_Louvre_Museum%2C_2_April_2009.jpg/1280px-Cour_Carr%C3%A9e%2C_Louvre_Museum%2C_2_April_2009.jpg,assets\r_000035_01_2_louvre_museum.jpg,198483,,,True
r_000035_01,q_000035,Eiffel Tower to Louvre: Travel Options,Wikimedia Commons,Wikimedia Commons,"File:Paris, Metro-Station -Ménilmontant- -- 2014 -- 1382.jpg",Paris Metro sign,https://upload.wikimedia.org/wikipedia/commons/thumb/8/84/Paris%2C_Metro-Station_-M%C3%A9nilmontant-_--_2014_--_1382.jpg/1280px-Paris%2C_Metro-Station_-M%C3%A9nilmontant-_--_2014_--_1382.jpg,assets\r_000035_01_01_paris_metro_sign.jpg,143524,CC BY-SA 4.0,https://commons.wikimedia.org/wiki/File%3AParis%2C_Metro-Station_-M%C3%A9nilmontant-_--_2014_--_1382.jpg,True
r_000036_01,q_000036,California Coast Photography Road Trip,Wikimedia Commons,Wikimedia Commons,"File:Big Sur, Pacific Coast, California, USA24.jpg",,https://upload.wikimedia.org/wikipedia/commons/thumb/6/65/Big_Sur%2C_Pacific_Coast%2C_California%2C_USA24.jpg/1280px-Big_Sur%2C_Pacific_Coast%2C_California%2C_USA24.jpg,assets\r_000036_01_big_sur_coast.jpg,391103,,,True
r_000036_01,q_000036,California Coast Photography Road Trip,Wikimedia Commons,Wikimedia Commons,File:Half Dome with Eastern Yosemite Valley.jpg,,https://upload.wikimedia.org/wikipedia/commons/thumb/6/63/Half_Dome_with_Eastern_Yosemite_Valley.jpg/1280px-Half_Dome_with_Eastern_Yosemite_Valley.jpg,assets\r_000036_01_yosemite_valley.jpg,454762,,,True
r_000037_01,q_000037,GRE Quant Study Plan: 5 Weeks to Test Day,Openverse,flickr,"Pen, Diary and Glasses",study plan desk,https://live.staticflickr.com/4099/4827013488_60953318d3_b.jpg,assets\r_000037_01_01_study_plan_desk.jpg,90951,by,https://www.flickr.com/photos/46959536@N04/4827013488,True
r_000038_01,q_000038,Earth's Giant Puzzle: A Guide to Plate Tectonics,Openverse,flickr,Map Of Major Tectonic Plates In The World,plate tectonics world map,https://live.staticflickr.com/4090/5051807235_443d12d95b.jpg,assets\r_000038_01_01_plate_tectonics_world_map.jpg,63143,by,https://www.flickr.com/photos/45150779@N04/5051807235,True
r_000039_01,q_000039,Handling Flexible Function Arguments in Python,Openverse,flickr,SML SilverGlass Ubuntu Desktop Theme: 1 of 5: gedit in dark tango theme / 2009-03-04 / SML Screenshots,python console screenshot,https://live.staticflickr.com/2799/4107577760_bd8e726b3a_b.jpg,assets\r_000039_01_01_python_console_screenshot.jpg,129076,by-sa,https://www.flickr.com/photos/48973657@N00/4107577760,True
r_000040_01,q_000040,"JavaScript Variable Declaration: var, let, and const",Openverse,flickr,the JavaScript Code,javascript code screen,https://live.staticflickr.com/2326/2378867408_4cc90791d6_b.jpg,assets\r_000040_01_01_javascript_code_screen.jpg,156412,by,https://www.flickr.com/photos/89943077@N00/2378867408,True
r_000041_01,q_000041,Podcast Recommendations: Narrative-Driven Tech & Science,Wikimedia Commons,Wikimedia Commons,File:Adobe Connect Webinar & Podcast setting.jpg,,https://upload.wikimedia.org/wikipedia/commons/thumb/a/a6/Adobe_Connect_Webinar_%26_Podcast_setting.jpg/1280px-Adobe_Connect_Webinar_%26_Podcast_setting.jpg,assets\r_000041_01_1_podcast.jpg,243383,,,True
r_000041_01,q_000041,Podcast Recommendations: Narrative-Driven Tech & Science,Wikimedia Commons,Wikimedia Commons,File:Belgrad - Museum of Science and Technology - Electron microscope ARL.jpg,,https://upload.wikimedia.org/wikipedia/commons/thumb/b/bf/Belgrad_-_Museum_of_Science_and_Technology_-_Electron_microscope_ARL.jpg/1280px-Belgrad_-_Museum_of_Science_and_Technology_-_Electron_microscope_ARL.jpg,assets\r_000041_01_2_science.jpg,310210,,,True
r_000041_01,q_000041,Podcast Recommendations: Narrative-Driven Tech & Science,Openverse,flickr,Mixer and digital recorder,technology podcast studio,https://live.staticflickr.com/23/31207220_b746edaacc_b.jpg,assets\r_000041_01_01_technology_podcast_studio.jpg,211924,by,https://www.flickr.com/photos/70816538@N00/31207220,True
r_000042_01,q_000042,Your Curated Dinner Party Soundtrack,Wikimedia Commons,Wikimedia Commons,Candle light dinner,,https://commons.wikimedia.org/wiki/Special:Redirect/file/Candle_light_dinner_(306970309).jpg?width=1200,assets\r_000042_01_4_dinnerparty_cozy.jpg,649229,,,True
r_000042_01,q_000042,Your Curated Dinner Party Soundtrack,Wikimedia Commons,Wikimedia Commons,Record player,,https://commons.wikimedia.org/wiki/Special:Redirect/file/Record_Player_33RPM.jpg?width=1200,assets\r_000042_01_5_recordplayer.jpg,182912,,,True
r_000042_01,q_000042,Your Curated Dinner Party Soundtrack,Wikimedia Commons,Wikimedia Commons,Friends dining,,https://commons.wikimedia.org/wiki/Special:Redirect/file/Group_eating_dinner_(6289826836).jpg?width=1200,assets\r_000042_01_6_friends_dining.jpg,290795,,,True
r_000043_01,q_000043,Event Check-in QR Scanner Interface,Wikimedia Commons,Wikimedia Commons,File:HFCA 1607 Special Events And VIPS Volume 2 090.jpg (8115360c78ce4b62a4f935d3996a5f53).jpg,,https://upload.wikimedia.org/wikipedia/commons/thumb/5/55/HFCA_1607_Special_Events_And_VIPS_Volume_2_090.jpg_%288115360c78ce4b62a4f935d3996a5f53%29.jpg/1280px-HFCA_1607_Special_Events_And_VIPS_Volume_2_090.jpg_%288115360c78ce4b62a4f935d3996a5f53%29.jpg,assets\r_000043_01_1_event_check-in.jpg,173769,,,True
r_000043_01,q_000043,Event Check-in QR Scanner Interface,Openverse,flickr,QR Code Great Marketing!,phone QR scanner,https://live.staticflickr.com/2678/5727484828_9681eb91fc.jpg,assets\r_000043_01_01_phone_qr_scanner.jpg,98306,by,https://www.flickr.com/photos/48520236@N02/5727484828,True
r_000043_01,q_000043,Event Check-in QR Scanner Interface,Wikimedia Commons,Wikimedia Commons,"File:Bonn, Hofgarten, Unifest 2023, Hütewurf -- 2023 -- 7796.jpg",,https://upload.wikimedia.org/wikipedia/commons/thumb/1/1e/Bonn%2C_Hofgarten%2C_Unifest_2023%2C_H%C3%BCtewurf_--_2023_--_7796.jpg/1280px-Bonn%2C_Hofgarten%2C_Unifest_2023%2C_H%C3%BCtewurf_--_2023_--_7796.jpg,assets\r_000043_01_3_phone_success_check.jpg,323215,,,True
r_000044_01,q_000044,Digital Business Card Generator,Openverse,flickr,"Guinness QR cup: A first of it's kind, product-activated QR code (best viewed large)",QR code smartphone scan,https://live.staticflickr.com/7238/7223045392_5c9eb9f9d7_b.jpg,assets\r_000044_01_01_qr_code_smartphone_scan.jpg,176871,by,https://www.flickr.com/photos/14829735@N00/7223045392,True
r_000044_01,q_000044,Digital Business Card Generator,Openverse,flickr,Listen,business networking smartphone,https://live.staticflickr.com/2769/4368595436_9129491777_b.jpg,assets\r_000044_01_02_business_networking_smartphone.jpg,140630,by,https://www.flickr.com/photos/38305415@N00/4368595436,True
r_000044_01,q_000044,Digital Business Card Generator,Wikimedia Commons,Wikimedia Commons,"File:Bibliotheek Winschoten business card, Winschoten (2020) 02.jpg",,https://upload.wikimedia.org/wikipedia/commons/thumb/4/46/Bibliotheek_Winschoten_business_card%2C_Winschoten_%282020%29_02.jpg/1280px-Bibliotheek_Winschoten_business_card%2C_Winschoten_%282020%29_02.jpg,assets\r_000044_01_3_business_card.jpg,284919,,,True
r_000045_01,q_000045,Package Journey Summary for ZA889123PL,Wikimedia Commons,Wikimedia Commons,"File:Logistics Readiness Flight keeps Schriever prepared, safe (5680358).jpg",,https://upload.wikimedia.org/wikipedia/commons/thumb/b/b6/Logistics_Readiness_Flight_keeps_Schriever_prepared%2C_safe_%285680358%29.jpg/1280px-Logistics_Readiness_Flight_keeps_Schriever_prepared%2C_safe_%285680358%29.jpg,assets\r_000045_01_1_logistics.jpg,118615,,,True
r_000045_01,q_000045,Package Journey Summary for ZA889123PL,Openverse,flickr,TGK 2-E1 Global Warehouse & Logistics GmbH,warehouse logistics,https://live.staticflickr.com/8169/8038874943_6da6d80013_b.jpg,assets\r_000045_01_01_warehouse_logistics.jpg,238080,by,https://www.flickr.com/photos/28224460@N00/8038874943,True
r_000045_01,q_000045,Package Journey Summary for ZA889123PL,Wikimedia Commons,Wikimedia Commons,File:Rivian EDV-500.jpg,,https://upload.wikimedia.org/wikipedia/commons/thumb/7/78/Rivian_EDV-500.jpg/1280px-Rivian_EDV-500.jpg,assets\r_000045_01_3_delivery_van.jpg,533359,,,True
r_000046_01,q_000046,System Health Summary: 2024-05-20 08:00 UTC,Openverse,stocksnap,System monitoring dashboard on screen,system monitoring dashboard computer,https://cdn.stocksnap.io/img-thumbs/960w/9699Y6WKLD.jpg,assets\r_000046_01_01_dashboard.jpg,387866,cc0,https://stocksnap.io/photo/seo-ppc-9699Y6WKLD,True
r_000046_01,q_000046,System Health Summary: 2024-05-20 08:00 UTC,Wikimedia Commons,Wikimedia Commons,File:Cern datacenter.jpg,,https://upload.wikimedia.org/wikipedia/commons/thumb/9/98/Cern_datacenter.jpg/1280px-Cern_datacenter.jpg,assets\r_000046_01_5_server.jpg,276174,,,True
r_000046_01,q_000046,System Health Summary: 2024-05-20 08:00 UTC,Wikimedia Commons,Wikimedia Commons,File:Alert Wildfire Camera Detection System.jpg,,https://upload.wikimedia.org/wikipedia/commons/thumb/5/54/Alert_Wildfire_Camera_Detection_System.jpg/1280px-Alert_Wildfire_Camera_Detection_System.jpg,assets\r_000046_01_6_network_alert.jpg,163558,,,True
r_000047_01,q_000047,Generated Stock Price Alerts for TECH,Wikimedia Commons,Wikimedia Commons,File:Psychology of the stock market (IA psychologyofstoc00seldrich).pdf,stock market alert chart,https://upload.wikimedia.org/wikipedia/commons/thumb/b/b6/Psychology_of_the_stock_market_%28IA_psychologyofstoc00seldrich%29.pdf/page1-500px-Psychology_of_the_stock_market_%28IA_psychologyofstoc00seldrich%29.pdf.jpg,assets\r_000047_01_01_stock_market_alert_chart.jpg,69338,Public domain,https://commons.wikimedia.org/wiki/File%3APsychology_of_the_stock_market_%28IA_psychologyofstoc00seldrich%29.pdf,True
r_000048_01,q_000048,"Your Day Ahead: Wednesday, December 6",Openverse,flickr,Some accessories on a white desk,calendar planner desk,https://live.staticflickr.com/2837/33572876081_7618124453_b.jpg,assets\r_000048_01_01_calendar_planner_desk.jpg,58445,cc0,https://www.flickr.com/photos/135396164@N05/33572876081,True
r_000049_01,q_000049,"Portfolio Snapshot: June 14, 2023",Openverse,flickr,Graph With Stacks Of Coins,investment chart graph,https://live.staticflickr.com/6084/6093690339_a09493f126_b.jpg,assets\r_000049_01_01_investment_chart_graph.jpg,120987,by-sa,https://www.flickr.com/photos/26373139@N08/6093690339,True
r_000050_01,q_000050,"European Trip Weather Forecast: November 5, 2024",Openverse,flickr,London - Autumn,London Autumn,https://live.staticflickr.com/8486/8200019596_0bdf56f9a2_b.jpg,assets\r_000050_01_01_london_autumn.jpg,360103,by,https://www.flickr.com/photos/77286698@N03/8200019596,True
r_000050_01,q_000050,"European Trip Weather Forecast: November 5, 2024",Wikimedia Commons,Wikimedia Commons,"File:Camille Pissarro - Place du Thtre Franais, Paris Rain - 18.19 - Minneapolis Institute of Arts.jpg",,https://upload.wikimedia.org/wikipedia/commons/thumb/5/53/Camille_Pissarro_-_Place_du_Thtre_Franais%2C_Paris_Rain_-_18.19_-_Minneapolis_Institute_of_Arts.jpg/1280px-Camille_Pissarro_-_Place_du_Thtre_Franais%2C_Paris_Rain_-_18.19_-_Minneapolis_Institute_of_Arts.jpg,assets\r_000050_01_2_paris_rain.jpg,449871,,,True
r_000050_01,q_000050,"European Trip Weather Forecast: November 5, 2024",Openverse,flickr,Rome back streets,Rome street sunny,https://live.staticflickr.com/127/351090892_f35ce02918_b.jpg,assets\r_000050_01_02_rome_sunny.jpg,188655,by,https://www.flickr.com/photos/davidden/351090892,True
r_000050_01,q_000050,"European Trip Weather Forecast: November 5, 2024",Openverse,flickr,Europe heat and weather map,Europe weather forecast map,https://live.staticflickr.com/65535/48138322288_2f917f8d78_b.jpg,assets\r_000050_01_03_800.jpg,306515,by,https://www.flickr.com/photos/gsfc/48138322288,True
r_000050_01,q_000050,"European Trip Weather Forecast: November 5, 2024",Wikimedia Commons,Wikimedia Commons,File:New York City skyline - DPLA - 130e5aef050065fde86972824f9bc7dd.jpg,,https://upload.wikimedia.org/wikipedia/commons/thumb/5/5e/New_York_City_skyline_-_DPLA_-_130e5aef050065fde86972824f9bc7dd.jpg/1280px-New_York_City_skyline_-_DPLA_-_130e5aef050065fde86972824f9bc7dd.jpg,assets\r_000050_01_11_800.jpg,153897,,,True
