"run_id","status","exit_code","duration_sec","rendered_dir","timestamp"
"ab_json_off_20260206_184932","skipped_no_genui","","0","C:\Users\anupk\Documents\git\A2UI\dataset\data\runs\ab_json_off_20260206_184932\rendered","2026-02-18T00:23:05"
"ab_json_off20_20260206_185542","ok","0","29.67","C:\Users\anupk\Documents\git\A2UI\dataset\data\runs\ab_json_off20_20260206_185542\rendered","2026-02-18T00:23:35"
"ab_json_on_20260206_184932","skipped_no_genui","","0","C:\Users\anupk\Documents\git\A2UI\dataset\data\runs\ab_json_on_20260206_184932\rendered","2026-02-18T00:23:35"
"ab_json_on20_20260206_185542","ok","0","23.26","C:\Users\anupk\Documents\git\A2UI\dataset\data\runs\ab_json_on20_20260206_185542\rendered","2026-02-18T00:23:58"
"ab_model_g25flash20_20260207_015007","ok","0","38.58","C:\Users\anupk\Documents\git\A2UI\dataset\data\runs\ab_model_g25flash20_20260207_015007\rendered","2026-02-18T00:24:37"
"ab_model_g25pro20_20260207_015007","ok","0","23.76","C:\Users\anupk\Documents\git\A2UI\dataset\data\runs\ab_model_g25pro20_20260207_015007\rendered","2026-02-18T00:25:01"
"ab_model_g3flash20_20260206_190843","ok","0","22.97","C:\Users\anupk\Documents\git\A2UI\dataset\data\runs\ab_model_g3flash20_20260206_190843\rendered","2026-02-18T00:25:24"
"ab_model_g3pro20_20260206_190843","skipped_no_genui","","0","C:\Users\anupk\Documents\git\A2UI\dataset\data\runs\ab_model_g3pro20_20260206_190843\rendered","2026-02-18T00:25:24"
"ab_model_gauss20_20260207_015007","ok","0","22.46","C:\Users\anupk\Documents\git\A2UI\dataset\data\runs\ab_model_gauss20_20260207_015007\rendered","2026-02-18T00:25:46"
"ab_model_gemma327b20_20260207_015007","ok","0","21.81","C:\Users\anupk\Documents\git\A2UI\dataset\data\runs\ab_model_gemma327b20_20260207_015007\rendered","2026-02-18T00:26:08"
"gaussO_2","ok","0","749.26","C:\Users\anupk\Documents\git\A2UI\dataset\data\runs\gaussO_2\rendered","2026-02-18T00:38:37"
"gemini","skipped_no_genui","","0","C:\Users\anupk\Documents\git\A2UI\dataset\data\runs\gemini\rendered","2026-02-18T00:38:37"
"gemini_2_5_flash_lite","ok","0","945.03","C:\Users\anupk\Documents\git\A2UI\dataset\data\runs\gemini_2_5_flash_lite\rendered","2026-02-18T00:54:22"
"gemini_3","ok","0","690.11","C:\Users\anupk\Documents\git\A2UI\dataset\data\runs\gemini_3\rendered","2026-02-18T01:05:52"
"gemini_3_flash_2000","failed","1","300.28","C:\Users\anupk\Documents\git\A2UI\dataset\data\runs\gemini_3_flash_2000\rendered","2026-02-18T01:10:53"
"gemini_3_flash_2000_manualall_20260216_231038","skipped_no_genui","","0","C:\Users\anupk\Documents\git\A2UI\dataset\data\runs\gemini_3_flash_2000_manualall_20260216_231038\rendered","2026-02-18T01:10:53"
"gemini_3_flash_2000_manualall_20260216_231038_first10","skipped_no_genui","","0","C:\Users\anupk\Documents\git\A2UI\dataset\data\runs\gemini_3_flash_2000_manualall_20260216_231038_first10\rendered","2026-02-18T01:10:53"
"gemini_3_flash_2000_manualall_20260216_231038_first10_stage34","failed","1","6.87","C:\Users\anupk\Documents\git\A2UI\dataset\data\runs\gemini_3_flash_2000_manualall_20260216_231038_first10_stage34\rendered","2026-02-18T01:11:00"
"gemini_3_pro","failed","1","12.18","C:\Users\anupk\Documents\git\A2UI\dataset\data\runs\gemini_3_pro\rendered","2026-02-18T01:11:12"
"openrouter","failed","1","1.14","C:\Users\anupk\Documents\git\A2UI\dataset\data\runs\openrouter\rendered","2026-02-18T01:11:13"
"subset10_g3pro_iconcatalog_20260216_020032","failed","1","3.84","C:\Users\anupk\Documents\git\A2UI\dataset\data\runs\subset10_g3pro_iconcatalog_20260216_020032\rendered","2026-02-18T01:11:17"
"subset10_g3pro_iconcatalog_headings_20260216_091411","ok","0","1.67","C:\Users\anupk\Documents\git\A2UI\dataset\data\runs\subset10_g3pro_iconcatalog_headings_20260216_091411\rendered","2026-02-18T01:11:18"
"subset10_g3pro_iconcatalog_v2_20260216_021201","ok","0","14.89","C:\Users\anupk\Documents\git\A2UI\dataset\data\runs\subset10_g3pro_iconcatalog_v2_20260216_021201\rendered","2026-02-18T01:11:33"
"subset10_g3pro_iconcatalog_v3_20260216_022253","ok","0","18.89","C:\Users\anupk\Documents\git\A2UI\dataset\data\runs\subset10_g3pro_iconcatalog_v3_20260216_022253\rendered","2026-02-18T01:11:52"
"subset10_g3pro_media_realretry_20260215_173943","skipped_no_genui","","0","C:\Users\anupk\Documents\git\A2UI\dataset\data\runs\subset10_g3pro_media_realretry_20260215_173943\rendered","2026-02-18T01:11:52"
"subset10_g3pro_media_realretry2_20260215_175408","skipped_no_genui","","0","C:\Users\anupk\Documents\git\A2UI\dataset\data\runs\subset10_g3pro_media_realretry2_20260215_175408\rendered","2026-02-18T01:11:52"
"subset10_g3pro_media_realretry3_20260215_180151","skipped_no_genui","","0","C:\Users\anupk\Documents\git\A2UI\dataset\data\runs\subset10_g3pro_media_realretry3_20260215_180151\rendered","2026-02-18T01:11:52"
"subset10_g3pro_media_realretry4_20260215_181410","skipped_no_genui","","0","C:\Users\anupk\Documents\git\A2UI\dataset\data\runs\subset10_g3pro_media_realretry4_20260215_181410\rendered","2026-02-18T01:11:52"
"subset10_g3pro_media_realretry5_20260215_182947","ok","0","35.33","C:\Users\anupk\Documents\git\A2UI\dataset\data\runs\subset10_g3pro_media_realretry5_20260215_182947\rendered","2026-02-18T01:12:28"
"subset10_g3pro_media_rich_20260214_180112","skipped_no_genui","","0","C:\Users\anupk\Documents\git\A2UI\dataset\data\runs\subset10_g3pro_media_rich_20260214_180112\rendered","2026-02-18T01:12:28"
"subset10_g3pro_media_rich_20260214_180705","skipped_no_genui","","0","C:\Users\anupk\Documents\git\A2UI\dataset\data\runs\subset10_g3pro_media_rich_20260214_180705\rendered","2026-02-18T01:12:28"
"subset10_g3pro_media_rich_20260214_180751","ok","0","20.06","C:\Users\anupk\Documents\git\A2UI\dataset\data\runs\subset10_g3pro_media_rich_20260214_180751\rendered","2026-02-18T01:12:48"
"subset10_g3pro_media_rich_v2_20260214_215241","ok","0","22.87","C:\Users\anupk\Documents\git\A2UI\dataset\data\runs\subset10_g3pro_media_rich_v2_20260214_215241\rendered","2026-02-18T01:13:11"
"subset10_manual_rich_20260216_230217","skipped_no_genui","","0","C:\Users\anupk\Documents\git\A2UI\dataset\data\runs\subset10_manual_rich_20260216_230217\rendered","2026-02-18T01:13:11"
"subset50_g25flash_20260207_121329","ok","0","157.64","C:\Users\anupk\Documents\git\A2UI\dataset\data\runs\subset50_g25flash_20260207_121329\rendered","2026-02-18T01:15:48"
"subset50_g25pro_20260207_121329","ok","0","65.53","C:\Users\anupk\Documents\git\A2UI\dataset\data\runs\subset50_g25pro_20260207_121329\rendered","2026-02-18T01:16:54"
"subset50_g25pro_promptlite_20260212_011030","ok","0","124.7","C:\Users\anupk\Documents\git\A2UI\dataset\data\runs\subset50_g25pro_promptlite_20260212_011030\rendered","2026-02-18T01:18:58"
"subset50_g25pro_prompttuned_20260212_022406","ok","0","70.21","C:\Users\anupk\Documents\git\A2UI\dataset\data\runs\subset50_g25pro_prompttuned_20260212_022406\rendered","2026-02-18T01:20:09"
"subset50_g25pro_promptv6_20260212_223445","ok","0","73.64","C:\Users\anupk\Documents\git\A2UI\dataset\data\runs\subset50_g25pro_promptv6_20260212_223445\rendered","2026-02-18T01:21:22"
"subset50_g25pro_systemprefix_20260212_014558","ok","0","67.55","C:\Users\anupk\Documents\git\A2UI\dataset\data\runs\subset50_g25pro_systemprefix_20260212_014558\rendered","2026-02-18T01:22:30"
"subset50_g25pro_urlindexed_20260213_173728","ok","0","72.62","C:\Users\anupk\Documents\git\A2UI\dataset\data\runs\subset50_g25pro_urlindexed_20260213_173728\rendered","2026-02-18T01:23:43"
"subset50_g3flash_20260207_121329","ok","0","77.72","C:\Users\anupk\Documents\git\A2UI\dataset\data\runs\subset50_g3flash_20260207_121329\rendered","2026-02-18T01:25:00"
"subset50_g3pro_20260207_121329","ok","0","70.71","C:\Users\anupk\Documents\git\A2UI\dataset\data\runs\subset50_g3pro_20260207_121329\rendered","2026-02-18T01:26:11"
"subset50_g3pro_resp_g3pro_s3_20260217_211032","ok","0","1.61","C:\Users\anupk\Documents\git\A2UI\dataset\data\runs\subset50_g3pro_resp_g3pro_s3_20260217_211032\rendered","2026-02-18T01:26:13"
"subset50_g3pro_urlreal_20260214_005342","ok","0","73.27","C:\Users\anupk\Documents\git\A2UI\dataset\data\runs\subset50_g3pro_urlreal_20260214_005342\rendered","2026-02-18T01:27:26"
"subset50_g4omini_20260207_121329","skipped_no_genui","","0","C:\Users\anupk\Documents\git\A2UI\dataset\data\runs\subset50_g4omini_20260207_121329\rendered","2026-02-18T01:27:26"
"subset50_gauss_20260207_121329","ok","0","71.15","C:\Users\anupk\Documents\git\A2UI\dataset\data\runs\subset50_gauss_20260207_121329\rendered","2026-02-18T01:28:37"
"subset50_gemma327b_20260207_121329","ok","0","91.6","C:\Users\anupk\Documents\git\A2UI\dataset\data\runs\subset50_gemma327b_20260207_121329\rendered","2026-02-18T01:30:09"
"subset50_gpt5mini_20260207_121329","skipped_no_genui","","0","C:\Users\anupk\Documents\git\A2UI\dataset\data\runs\subset50_gpt5mini_20260207_121329\rendered","2026-02-18T01:30:09"
"subset50_manifest_20260207_121329","skipped_no_genui","","0","C:\Users\anupk\Documents\git\A2UI\dataset\data\runs\subset50_manifest_20260207_121329\rendered","2026-02-18T01:30:09"
"subset50_perplexity_gpt5_20260207_121329","ok","0","104.75","C:\Users\anupk\Documents\git\A2UI\dataset\data\runs\subset50_perplexity_gpt5_20260207_121329\rendered","2026-02-18T01:31:53"
"subset50_perplexity_s2_g3pro_s3_20260217_211032","ok","0","1.51","C:\Users\anupk\Documents\git\A2UI\dataset\data\runs\subset50_perplexity_s2_g3pro_s3_20260217_211032\rendered","2026-02-18T01:31:55"
"subset50_rankings_report_20260209_223414","skipped_no_genui","","0","C:\Users\anupk\Documents\git\A2UI\dataset\data\runs\subset50_rankings_report_20260209_223414\rendered","2026-02-18T01:31:55"
"subset50_rankings_report_20260210_011941","skipped_no_genui","","0","C:\Users\anupk\Documents\git\A2UI\dataset\data\runs\subset50_rankings_report_20260210_011941\rendered","2026-02-18T01:31:55"
"subset50_shared_assets","skipped_no_genui","","0","C:\Users\anupk\Documents\git\A2UI\dataset\data\runs\subset50_shared_assets\rendered","2026-02-18T01:31:55"
"test_sample_1000","skipped_no_genui","","0","C:\Users\anupk\Documents\git\A2UI\dataset\data\runs\test_sample_1000\rendered","2026-02-18T01:31:55"
